id_detalle,id_pedido,id_producto,cantidad,precio_venta_unitario,subtotal
1,1,172,4,67580.44,270321.76
2,1,158,5,112290.32,561451.6
3,2,44,5,135730.01,678650.05
4,3,95,5,47652.06,238260.3
5,3,126,3,49842.36,149527.08
6,3,85,5,62445.01,312225.05
7,4,133,1,90401.75,90401.75
8,5,14,2,50390.14,100780.28
9,5,46,1,129765.95,129765.95
10,6,150,4,98328.76,393315.04
11,7,156,1,62925.34,62925.34
12,7,170,2,41763.8,83527.6
13,8,139,2,58669.54,117339.08
14,9,116,4,88703.15,354812.6
15,9,21,1,22744.73,22744.73
16,10,149,3,126511.02,379533.06
17,10,136,3,174459.35,523378.05
18,10,77,1,148403.57,148403.57
19,11,53,4,47448.46,189793.84
20,11,109,2,40545.21,81090.42
21,12,101,1,38104.37,38104.37
22,12,134,1,109857.31,109857.31
23,13,56,1,99569.48,99569.48
24,14,129,3,107392.76,322178.28
25,15,138,1,125780.24,125780.24
26,15,30,5,4272.78,21363.9
27,16,126,5,49842.36,249211.8
28,17,87,5,85468.6,427343.0
29,18,6,5,66539.35,332696.75
30,19,147,2,23453.34,46906.68
31,19,162,1,13921.47,13921.47
32,20,148,1,125787.15,125787.15
33,21,38,5,32437.07,162185.35
34,22,109,2,40545.21,81090.42
35,22,150,3,98328.76,294986.28
36,22,54,1,3627.59,3627.59
37,23,169,5,145412.49,727062.45
38,23,81,5,172856.96,864284.8
39,24,119,3,136244.22,408732.66
40,24,4,2,146269.19,292538.38
41,25,102,1,139729.12,139729.12
42,26,32,2,91723.38,183446.76
43,26,148,5,97834.45,489172.25
44,27,64,5,52312.74,261563.7
45,28,147,4,28601.63,114406.52
46,29,166,3,71280.95,213842.85
47,30,63,4,148234.94,592939.76
48,31,16,5,46653.07,233265.35
49,32,137,1,66244.3,66244.3
50,33,32,3,131033.4,393100.2
51,33,11,1,50255.07,50255.07
52,33,73,2,40202.34,80404.68
53,34,119,2,111720.26,223440.52
54,35,88,5,6457.16,32285.8
55,36,98,4,102822.62,411290.48
56,37,113,1,68316.62,68316.62
57,38,90,5,133030.23,665151.15
58,39,103,2,45118.55,90237.1
59,39,146,2,35977.35,71954.7
60,40,159,1,18997.14,18997.14
61,41,161,5,69346.87,346734.35
62,41,86,3,125829.12,377487.36
63,42,111,3,137195.14,411585.42
64,42,24,4,89483.21,357932.84
65,42,94,2,70101.38,140202.76
66,43,86,4,125829.12,503316.48
67,44,62,4,154971.01,619884.04
68,44,150,5,98328.76,491643.8
69,45,89,1,36305.39,36305.39
70,46,75,2,37261.13,74522.26
71,47,174,5,164687.19,823435.95
72,48,35,5,131893.81,659469.05
73,49,121,4,73925.22,295700.88
74,49,125,1,112921.84,112921.84
75,49,47,2,167436.24,334872.48
76,50,108,4,111028.71,444114.84
77,50,167,4,70501.48,282005.92
78,51,64,3,52312.74,156938.22
79,52,22,4,92859.66,371438.64
80,53,66,4,34606.5,138426.0
81,53,18,1,155415.22,155415.22
82,54,27,5,157420.65,787103.25
83,55,119,2,136244.22,272488.44
84,55,83,3,155484.6,466453.8
85,55,163,5,28331.84,141659.2
86,56,163,3,28331.84,84995.52
87,56,77,1,153403.57,153403.57
88,56,105,3,80081.22,240243.66
89,57,10,5,83253.62,416268.1
90,57,49,5,53442.77,267213.85
91,57,172,1,67580.44,67580.44
92,58,55,1,81204.89,81204.89
93,59,125,4,112921.84,451687.36
94,60,35,5,131893.81,659469.05
95,61,68,3,43085.88,129257.64
96,61,163,4,23331.84,93327.36
97,61,67,1,59186.62,59186.62
98,62,149,5,131511.02,657555.1
99,62,59,3,30355.94,91067.82
100,63,6,4,66539.35,266157.4
101,63,148,5,139763.5,698817.5
102,64,108,4,111028.71,444114.84
103,64,127,3,75307.61,225922.83
104,65,169,1,120329.99,120329.99
105,65,156,5,50340.27,251701.35
106,66,130,5,76460.38,382301.9
107,67,72,5,117213.54,586067.7
108,67,158,4,80849.03,323396.12
109,68,82,1,160887.59,160887.59
110,68,90,2,133030.23,266060.46
111,69,85,4,62445.01,249780.04
112,69,138,2,125780.24,251560.48
113,70,32,3,131033.4,393100.2
114,70,117,2,55435.62,110871.24
115,71,109,5,40545.21,202726.05
116,72,31,3,11656.31,34968.93
117,72,28,1,55216.23,55216.23
118,72,99,2,82862.11,165724.22
119,73,54,5,2902.07,14510.35
120,74,134,5,109857.31,549286.55
121,74,17,4,67073.37,268293.48
122,75,121,4,73925.22,295700.88
123,76,92,2,151769.5,303539.0
124,76,132,2,85959.54,171919.08
125,77,73,4,35378.06,141512.24
126,78,65,1,73743.07,73743.07
127,79,3,5,90814.83,454074.15
128,80,29,3,42771.43,128314.29
129,81,164,4,116716.9,466867.6
130,82,48,4,92541.59,370166.36
131,82,140,2,119405.89,238811.78
132,82,33,3,36702.55,110107.65
133,83,43,1,17179.73,17179.73
134,84,18,2,155415.22,310830.44
135,84,168,1,73057.62,73057.62
136,84,44,5,169662.51,848312.55
137,85,168,3,73057.62,219172.86
138,86,35,1,131893.81,131893.81
139,87,72,1,162796.58,162796.58
140,88,177,4,5463.6,21854.4
141,89,70,5,130396.5,651982.5
142,89,26,2,138552.69,277105.38
143,90,96,2,76749.07,153498.14
144,91,165,1,170306.71,170306.71
145,91,20,5,123410.16,617050.8
146,92,158,3,112290.32,336870.96
147,93,163,2,28331.84,56663.68
148,94,71,5,126405.89,632029.45
149,95,8,4,119793.72,479174.88
150,95,151,2,117689.62,235379.24
151,95,143,4,131435.24,525740.96
152,96,148,2,139763.5,279527.0
153,96,105,2,80081.22,160162.44
154,96,53,3,47448.46,142345.38
155,97,127,3,75307.61,225922.83
156,98,48,1,92541.59,92541.59
157,98,75,3,53230.19,159690.57
158,99,178,2,143567.86,287135.72
159,99,166,2,78859.94,157719.88
160,100,28,5,73621.64,368108.2
161,101,14,2,50390.14,100780.28
162,101,10,3,83253.62,249760.86
163,102,111,1,137195.14,137195.14
164,103,56,4,99569.48,398277.92
165,103,13,1,152184.79,152184.79
166,104,103,4,64455.07,257820.28
167,105,44,2,169662.51,339325.02
168,105,15,1,91363.93,91363.93
169,106,86,2,125829.12,251658.24
170,107,107,2,150039.39,300078.78
171,108,93,2,14286.96,28573.92
172,109,140,5,119405.89,597029.45
173,110,87,4,85468.6,341874.4
174,111,81,1,177856.96,177856.96
175,112,127,2,75307.61,150615.22
176,113,145,1,84704.12,84704.12
177,114,119,2,136244.22,272488.44
178,115,23,1,113130.82,113130.82
179,115,49,4,43823.07,175292.28
180,116,24,1,89483.21,89483.21
181,117,98,5,102822.62,514113.1
182,118,131,4,143295.26,573181.04
183,119,168,2,73057.62,146115.24
184,119,100,2,105427.2,210854.4
185,119,127,1,75307.61,75307.61
186,120,65,3,73743.07,221229.21
187,121,72,4,162796.58,651186.32
188,121,105,1,80081.22,80081.22
189,121,29,5,42771.43,213857.15
190,122,18,4,150415.22,601660.88
191,123,117,3,55435.62,166306.86
192,123,66,2,34606.5,69213.0
193,124,38,2,32437.07,64874.14
194,125,76,2,35064.35,70128.7
195,125,34,3,127837.26,383511.78
196,126,166,4,83859.94,335439.76
197,127,88,2,6457.16,12914.32
198,128,151,3,156919.5,470758.5
199,129,37,1,146019.94,146019.94
200,129,171,5,162902.46,814512.3
201,130,115,4,134489.95,537959.8
202,131,97,2,109111.33,218222.66
203,131,158,2,80849.03,161698.06
204,131,6,4,47908.33,191633.32
205,132,91,1,64114.38,64114.38
206,132,81,2,142285.57,284571.14
207,133,121,4,55443.92,221775.68
208,133,105,5,60060.92,300304.6
209,133,21,3,17058.55,51175.65
210,134,7,2,97912.37,195824.74
211,134,174,3,164687.19,494061.57
212,135,178,5,148567.86,742839.3
213,135,92,3,151769.5,455308.5
214,135,150,1,98328.76,98328.76
215,136,34,1,149899.1,149899.1
216,137,171,1,156902.46,156902.46
217,138,138,5,125780.24,628901.2
218,139,24,5,89483.21,447416.05
219,139,44,4,169662.51,678650.04
220,139,111,3,137195.14,411585.42
221,140,138,3,125780.24,377340.72
222,140,106,4,140111.54,560446.16
223,141,132,4,85959.54,343838.16
224,141,173,2,34088.29,68176.58
225,142,98,1,102822.62,102822.62
226,143,129,3,107392.76,322178.28
227,143,135,4,104995.72,419982.88
228,143,69,3,15385.36,46156.08
229,144,60,4,34746.84,138987.36
230,145,143,5,175246.99,876234.95
231,145,23,1,137964.41,137964.41
232,146,126,5,49842.36,249211.8
233,146,75,5,53230.19,266150.95
234,147,112,3,19470.44,58411.32
235,148,104,5,148552.57,742762.85
236,149,136,4,179459.35,717837.4
237,149,52,5,40281.45,201407.25
238,150,161,3,69346.87,208040.61
239,150,33,2,36702.55,73405.1
240,150,51,3,23430.87,70292.61
241,151,131,3,143295.26,429885.78
242,151,112,4,19470.44,77881.76
243,152,11,1,50255.07,50255.07
244,152,130,2,117631.35,235262.7
245,152,41,5,55517.29,277586.45
246,153,106,4,140111.54,560446.16
247,153,82,2,160887.59,321775.18
248,153,71,2,126405.89,252811.78
249,154,3,1,129735.47,129735.47
250,154,44,2,169662.51,339325.02
251,155,126,2,49842.36,99684.72
252,156,92,2,151769.5,303539.0
253,156,85,2,62445.01,124890.02
254,156,1,1,46345.86,46345.86
255,157,5,5,24519.87,122599.35
256,158,64,4,41850.19,167400.76
257,158,75,4,42584.15,170336.6
258,159,29,5,42771.43,213857.15
259,160,133,5,90401.75,452008.75
260,161,146,1,51396.21,51396.21
261,161,24,3,89483.21,268449.63
262,162,1,1,46345.86,46345.86
263,163,24,5,89483.21,447416.05
264,163,99,2,110482.81,220965.62
265,164,36,4,82404.6,329618.4
266,164,176,2,155244.89,310489.78
267,165,149,5,131511.02,657555.1
268,165,173,4,34088.29,136353.16
269,165,137,5,75277.61,376388.05
270,166,3,5,129735.47,648677.35
271,167,87,5,85468.6,427343.0
272,167,77,1,153403.57,153403.57
273,168,141,3,113206.2,339618.6
274,168,109,4,40545.21,162180.84
275,168,123,2,138306.49,276612.98
276,169,6,5,66539.35,332696.75
277,170,151,3,156919.5,470758.5
278,170,132,2,85959.54,171919.08
279,171,31,1,12433.4,12433.4
280,172,63,1,148234.94,148234.94
281,172,115,1,134489.95,134489.95
282,173,22,1,92859.66,92859.66
283,173,82,5,160887.59,804437.95
284,174,95,3,47652.06,142956.18
285,174,178,3,148567.86,445703.58
286,175,147,2,28601.63,57203.26
287,175,80,1,47108.1,47108.1
288,176,67,1,56484.23,56484.23
289,177,53,3,47448.46,142345.38
290,178,72,4,162796.58,651186.32
291,178,106,1,140111.54,140111.54
292,179,97,5,151543.51,757717.55
293,180,65,5,73743.07,368715.35
294,180,73,3,40202.34,120607.02
295,181,111,1,137195.14,137195.14
296,181,114,1,83312.91,83312.91
297,181,38,1,32437.07,32437.07
298,182,69,1,11077.46,11077.46
299,182,165,2,122620.83,245241.66
300,183,139,5,58669.54,293347.7
301,183,24,2,89483.21,178966.42
302,184,168,4,62098.98,248395.92
303,184,57,5,8843.15,44215.75
304,184,132,3,73065.61,219196.83
305,185,39,1,70078.24,70078.24
306,185,101,5,38104.37,190521.85
307,185,37,3,146019.94,438059.82
308,186,18,3,155415.22,466245.66
309,186,128,3,128131.18,384393.54
310,187,120,2,80962.98,161925.96
311,187,59,4,30355.94,121423.76
312,187,92,3,151769.5,455308.5
313,188,57,3,10403.71,31211.13
314,189,5,1,30519.87,30519.87
315,189,3,2,129735.47,259470.94
316,189,76,5,42761.4,213807.0
317,190,144,2,4607.32,9214.64
318,191,85,5,62445.01,312225.05
319,191,28,1,73621.64,73621.64
320,192,18,2,151415.22,302830.44
321,192,161,3,65346.87,196040.61
322,193,5,3,30519.87,91559.61
323,194,102,1,139729.12,139729.12
324,194,30,1,4272.78,4272.78
325,195,45,2,72202.81,144405.62
326,196,110,4,94443.02,377772.08
327,197,22,2,92859.66,185719.32
328,198,134,4,87885.85,351543.4
329,198,37,1,116815.95,116815.95
330,199,45,2,77202.81,154405.62
331,200,33,4,36702.55,146810.2
332,200,146,1,51396.21,51396.21
333,200,161,3,69346.87,208040.61
334,201,8,3,143752.46,431257.38
335,202,96,4,118075.5,472302.0
336,202,3,4,129735.47,518941.88
337,202,128,3,128131.18,384393.54
338,203,67,3,48139.97,144419.91
339,204,12,3,46331.53,138994.59
340,205,37,4,146019.94,584079.76
341,205,113,2,68316.62,136633.24
342,206,77,1,153403.57,153403.57
343,206,99,5,110482.81,552414.05
344,206,7,1,97912.37,97912.37
345,207,2,3,8625.53,25876.59
346,208,161,2,69346.87,138693.74
347,209,80,3,47108.1,141324.3
348,209,126,2,49842.36,99684.72
349,209,39,3,70078.24,210234.72
350,210,108,4,111028.71,444114.84
351,210,22,4,92859.66,371438.64
352,211,42,1,13118.25,13118.25
353,211,82,2,160887.59,321775.18
354,212,172,4,67580.44,270321.76
355,212,47,4,167436.24,669744.96
356,213,131,4,143295.26,573181.04
357,213,101,3,38104.37,114313.11
358,213,108,4,111028.71,444114.84
359,214,34,5,137191.21,685956.05
360,214,71,4,111237.18,444948.72
361,214,20,4,108600.94,434403.76
362,215,114,5,83312.91,416564.55
363,215,131,3,143295.26,429885.78
364,215,70,4,130396.5,521586.0
365,216,21,2,22744.73,45489.46
366,217,164,3,162106.81,486320.43
367,217,54,1,3627.59,3627.59
368,218,28,5,73621.64,368108.2
369,219,145,4,117644.61,470578.44
370,220,38,3,32437.07,97311.21
371,220,33,3,36702.55,110107.65
372,220,61,2,146502.63,293005.26
373,221,79,4,33387.9,133551.6
374,222,97,1,98503.28,98503.28
375,222,141,2,73584.03,147168.06
376,222,40,1,82092.85,82092.85
377,223,164,4,162106.81,648427.24
378,224,155,2,28515.51,57031.02
379,224,92,3,151769.5,455308.5
380,225,45,1,69482.53,69482.53
381,226,169,3,144412.49,433237.47
382,226,177,1,1639.08,1639.08
383,226,71,1,120405.89,120405.89
384,227,157,4,70261.66,281046.64
385,228,140,1,119405.89,119405.89
386,228,141,5,113206.2,566031.0
387,229,64,1,52312.74,52312.74
388,230,110,2,94443.02,188886.04
389,230,60,3,34746.84,104240.52
390,230,79,5,41734.88,208674.4
391,231,129,1,107392.76,107392.76
392,231,46,5,129765.95,648829.75
393,232,151,5,156919.5,784597.5
394,232,108,1,111028.71,111028.71
395,233,104,3,148552.57,445657.71
396,233,67,1,64186.62,64186.62
397,233,5,1,30519.87,30519.87
398,234,47,3,142320.8,426962.4
399,234,24,3,76060.73,228182.19
400,234,42,2,11150.51,22301.02
401,235,72,2,117213.54,234427.08
402,235,22,2,66858.96,133717.92
403,236,31,3,15541.75,46625.25
404,236,103,5,64455.07,322275.35
405,236,14,5,50390.14,251950.7
406,237,62,4,154971.01,619884.04
407,238,165,5,136245.37,681226.85
408,239,15,2,91363.93,182727.86
409,240,179,2,112659.8,225319.6
410,241,115,5,134489.95,672449.75
411,242,160,1,125838.21,125838.21
412,242,155,1,28515.51,28515.51
413,243,71,1,126405.89,126405.89
414,244,54,1,3627.59,3627.59
415,244,77,2,153403.57,306807.14
416,244,122,1,146572.15,146572.15
417,245,128,5,124131.18,620655.9
418,245,26,4,134552.69,538210.76
419,246,143,1,175246.99,175246.99
420,246,107,1,150039.39,150039.39
421,247,100,5,105427.2,527136.0
422,247,40,1,126296.7,126296.7
423,247,91,5,80142.97,400714.85
424,248,149,3,131511.02,394533.06
425,249,163,5,24331.84,121659.2
426,249,120,3,76962.98,230888.94
427,250,3,1,129735.47,129735.47
428,250,161,2,69346.87,138693.74
429,250,31,4,15541.75,62167.0
430,251,87,5,85468.6,427343.0
431,252,31,1,15541.75,15541.75
432,253,43,5,17179.73,85898.65
433,254,114,1,83312.91,83312.91
434,254,134,4,109857.31,439429.24
435,255,120,5,64770.38,323851.9
436,256,59,1,25355.94,25355.94
437,256,120,4,75962.98,303851.92
438,257,8,5,155724.96,778624.8
439,258,29,4,42771.43,171085.72
440,258,158,2,112290.32,224580.64
441,259,52,5,36281.45,181407.25
442,260,151,3,156919.5,470758.5
443,260,163,4,28331.84,113327.36
444,260,99,4,110482.81,441931.24
445,261,138,4,125780.24,503120.96
446,261,51,3,23430.87,70292.61
447,262,11,4,50255.07,201020.28
448,262,115,5,134489.95,672449.75
449,263,2,5,7331.7,36658.5
450,263,47,1,142320.8,142320.8
451,263,74,5,69072.94,345364.7
452,264,91,4,80142.97,320571.88
453,265,129,2,103392.76,206785.52
454,265,9,3,135833.1,407499.3
455,265,4,3,142269.19,426807.57
456,266,35,2,131893.81,263787.62
457,267,48,4,92541.59,370166.36
458,267,42,5,13118.25,65591.25
459,267,32,1,131033.4,131033.4
460,268,99,4,97224.87,388899.48
461,268,155,5,25093.65,125468.25
462,269,117,3,55435.62,166306.86
463,270,121,1,73925.22,73925.22
464,271,114,3,83312.91,249938.73
465,272,159,1,18997.14,18997.14
466,273,94,2,49070.97,98141.94
467,274,15,1,77659.34,77659.34
468,275,77,4,130393.03,521572.12
469,275,38,1,27571.51,27571.51
470,276,3,2,129735.47,259470.94
471,277,12,5,46331.53,231657.65
472,278,41,2,55517.29,111034.58
473,278,73,1,40202.34,40202.34
474,279,57,2,10403.71,20807.42
475,279,148,3,139763.5,419290.5
476,280,75,1,53230.19,53230.19
477,280,129,2,107392.76,214785.52
478,281,78,1,46126.72,46126.72
479,282,154,1,125549.57,125549.57
480,282,20,3,98728.13,296184.39
481,283,12,3,46331.53,138994.59
482,283,38,1,32437.07,32437.07
483,283,26,4,138552.69,554210.76
484,284,94,5,70101.38,350506.9
485,285,179,2,112659.8,225319.6
486,285,75,2,53230.19,106460.38
487,285,104,5,148552.57,742762.85
488,286,60,1,26060.13,26060.13
489,286,80,1,35331.07,35331.07
490,286,141,1,84904.65,84904.65
491,287,31,3,10102.14,30306.42
492,288,108,4,111028.71,444114.84
493,288,67,5,64186.62,320933.1
494,288,40,5,126296.7,631483.5
495,289,32,4,94344.05,377376.2
496,289,82,2,115839.06,231678.12
497,290,83,2,124387.68,248775.36
498,290,29,5,34217.14,171085.7
499,291,115,3,134489.95,403469.85
500,291,127,1,75307.61,75307.61
501,292,152,3,10725.57,32176.71
502,293,128,1,123131.18,123131.18
503,293,130,3,112631.35,337894.05
504,294,40,4,126296.7,505186.8
505,295,164,5,162106.81,810534.05
506,295,12,4,46331.53,185326.12
507,295,172,2,67580.44,135160.88
508,296,99,1,110482.81,110482.81
509,297,75,4,53230.19,212920.76
510,298,95,4,47652.06,190608.24
511,298,72,4,162796.58,651186.32
512,299,10,3,83253.62,249760.86
513,300,27,1,133807.55,133807.55
514,301,16,5,46653.07,233265.35
515,302,93,4,14286.96,57147.84
516,303,167,5,70501.48,352507.4
517,303,124,2,82741.06,165482.12
518,304,16,2,32657.15,65314.3
519,305,82,3,160887.59,482662.77
520,306,136,4,179459.35,717837.4
521,306,5,3,30519.87,91559.61
522,306,48,1,92541.59,92541.59
523,307,129,4,107392.76,429571.04
524,307,84,2,113934.47,227868.94
525,308,42,5,10494.6,52473.0
526,309,67,4,56484.23,225936.92
527,310,104,4,148552.57,594210.28
528,310,38,2,32437.07,64874.14
529,311,77,4,153403.57,613614.28
530,311,12,4,46331.53,185326.12
531,312,35,1,112109.74,112109.74
532,313,97,2,151543.51,303087.02
533,314,18,2,149415.22,298830.44
534,315,54,4,2974.62,11898.48
535,315,141,4,92829.08,371316.32
536,315,103,2,52853.16,105706.32
537,316,33,2,36702.55,73405.1
538,317,111,5,137195.14,685975.7
539,317,130,1,117631.35,117631.35
540,317,122,4,146572.15,586288.6
541,318,178,5,142567.86,712839.3
542,318,8,5,153724.96,768624.8
543,318,68,4,42085.88,168343.52
544,319,60,1,31272.16,31272.16
545,319,46,3,116789.35,350368.05
546,320,61,1,146502.63,146502.63
547,320,67,3,64186.62,192559.86
548,321,176,5,155244.89,776224.45
549,321,135,2,104995.72,209991.44
550,322,148,4,104822.62,419290.48
551,323,84,4,113934.47,455737.88
552,323,153,4,143253.68,573014.72
553,324,3,3,129735.47,389206.41
554,324,81,4,177856.96,711427.84
555,324,50,4,96622.5,386490.0
556,325,122,5,146572.15,732860.75
557,326,119,3,136244.22,408732.66
558,326,128,3,128131.18,384393.54
559,327,112,1,19470.44,19470.44
560,328,8,5,159724.96,798624.8
561,328,62,3,154971.01,464913.03
562,329,47,4,167436.24,669744.96
563,330,104,2,148552.57,297105.14
564,331,53,2,47448.46,94896.92
565,332,46,2,129765.95,259531.9
566,333,38,1,32437.07,32437.07
567,333,124,1,82741.06,82741.06
568,333,27,4,157420.65,629682.6
569,334,167,4,70501.48,282005.92
570,334,126,5,49842.36,249211.8
571,335,126,1,49842.36,49842.36
572,336,15,3,91363.93,274091.79
573,337,140,3,95524.71,286574.13
574,338,69,5,15385.36,76926.8
575,339,142,2,100211.88,200423.76
576,340,45,1,65622.39,65622.39
577,341,149,2,131511.02,263022.04
578,341,3,5,129735.47,648677.35
579,342,46,2,110301.06,220602.12
580,342,48,4,78660.35,314641.4
581,342,8,5,135766.22,678831.1
582,343,4,3,146269.19,438807.57
583,343,25,2,45634.27,91268.54
584,344,69,1,15385.36,15385.36
585,344,127,1,75307.61,75307.61
586,345,7,1,97912.37,97912.37
587,346,5,2,30519.87,61039.74
588,347,21,2,22744.73,45489.46
589,347,103,4,64455.07,257820.28
590,348,11,1,50255.07,50255.07
591,348,88,1,6457.16,6457.16
592,348,176,3,155244.89,465734.67
593,349,54,4,3627.59,14510.36
594,349,48,4,92541.59,370166.36
595,350,72,4,162796.58,651186.32
596,351,29,2,42771.43,85542.86
597,351,113,5,68316.62,341583.1
598,352,114,4,83312.91,333251.64
599,353,143,2,175246.99,350493.98
600,353,2,5,8625.53,43127.65
601,353,139,1,58669.54,58669.54
602,354,84,1,113934.47,113934.47
603,354,67,2,64186.62,128373.24
604,355,158,3,112290.32,336870.96
605,355,157,1,70261.66,70261.66
606,355,141,5,113206.2,566031.0
607,356,155,2,28515.51,57031.02
608,357,180,2,115466.49,230932.98
609,358,127,1,75307.61,75307.61
610,358,47,2,167436.24,334872.48
611,358,139,5,58669.54,293347.7
612,359,100,2,105427.2,210854.4
613,360,13,3,152184.79,456554.37
614,361,145,2,117644.61,235289.22
615,361,110,4,94443.02,377772.08
616,361,16,4,46653.07,186612.28
617,362,166,3,83859.94,251579.82
618,363,117,5,50435.62,252178.1
619,363,43,3,12179.73,36539.19
620,364,53,5,47448.46,237242.3
621,365,160,5,120838.21,604191.05
622,366,116,1,88703.15,88703.15
623,367,140,3,119405.89,358217.67
624,367,112,1,19470.44,19470.44
625,368,127,3,75307.61,225922.83
626,369,6,1,47908.33,47908.33
627,369,44,5,122157.01,610785.05
628,370,27,5,157420.65,787103.25
629,371,44,2,169662.51,339325.02
630,371,153,2,143253.68,286507.36
631,371,12,1,46331.53,46331.53
632,372,77,1,122722.86,122722.86
633,372,61,3,117202.1,351606.3
634,372,159,3,15197.71,45593.13
635,373,9,2,139833.1,279666.2
636,373,150,2,98328.76,196657.52
637,374,90,2,133030.23,266060.46
638,374,50,2,96622.5,193245.0
639,374,64,1,52312.74,52312.74
640,375,63,1,148234.94,148234.94
641,375,92,2,151769.5,303539.0
642,375,18,3,155415.22,466245.66
643,376,85,1,62445.01,62445.01
644,376,89,5,55854.44,279272.2
645,376,16,2,46653.07,93306.14
646,377,73,1,40202.34,40202.34
647,377,85,2,62445.01,124890.02
648,377,175,4,157060.26,628241.04
649,378,142,3,100211.88,300635.64
650,378,144,2,5420.38,10840.76
651,379,63,2,118587.95,237175.9
652,379,50,3,77298.0,231894.0
653,380,101,5,38104.37,190521.85
654,380,42,4,13118.25,52473.0
655,381,138,1,81757.16,81757.16
656,382,138,2,100624.19,201248.38
657,383,69,3,15385.36,46156.08
658,384,149,1,131511.02,131511.02
659,385,86,5,125829.12,629145.6
660,386,157,5,70261.66,351308.3
661,387,15,2,91363.93,182727.86
662,387,31,2,15541.75,31083.5
663,388,103,4,64455.07,257820.28
664,388,51,4,23430.87,93723.48
665,388,20,3,123410.16,370230.48
666,389,72,1,157796.58,157796.58
667,389,41,1,50517.29,50517.29
668,390,153,3,143253.68,429761.04
669,391,145,4,117644.61,470578.44
670,391,53,3,47448.46,142345.38
671,392,26,2,132552.69,265105.38
672,392,151,2,150919.5,301839.0
673,393,20,2,98728.13,197456.26
674,394,96,2,118075.5,236151.0
675,395,33,3,26425.84,79277.52
676,395,109,4,29192.55,116770.2
677,396,171,5,162902.46,814512.3
678,397,103,4,41895.8,167583.2
679,397,65,1,47933.0,47933.0
680,398,37,5,146019.94,730099.7
681,398,180,4,115466.49,461865.96
682,398,7,1,97912.37,97912.37
683,399,59,1,30355.94,30355.94
684,400,152,2,10725.57,21451.14
685,401,137,3,48930.45,146791.35
686,401,69,2,10000.48,20000.96
687,402,49,2,53442.77,106885.54
688,403,17,2,67073.37,134146.74
689,403,91,3,80142.97,240428.91
690,404,82,1,160887.59,160887.59
691,405,36,1,82404.6,82404.6
692,406,27,2,157420.65,314841.3
693,406,77,1,153403.57,153403.57
694,407,114,5,77312.91,386564.55
695,407,125,4,106921.84,427687.36
696,408,67,5,64186.62,320933.1
697,408,120,2,80962.98,161925.96
698,409,65,2,64893.9,129787.8
699,410,24,5,89483.21,447416.05
700,411,66,3,34606.5,103819.5
701,411,161,5,69346.87,346734.35
702,412,152,1,8580.46,8580.46
703,412,47,3,133948.99,401846.97
704,413,124,1,82741.06,82741.06
705,413,127,4,75307.61,301230.44
706,414,98,5,87399.23,436996.15
707,415,54,2,3627.59,7255.18
708,416,151,4,156919.5,627678.0
709,416,143,3,175246.99,525740.97
710,417,159,1,13997.14,13997.14
711,418,120,5,68818.53,344092.65
712,419,111,1,137195.14,137195.14
713,419,71,5,126405.89,632029.45
714,420,129,3,107392.76,322178.28
715,421,136,5,179459.35,897296.75
716,421,50,2,96622.5,193245.0
717,422,83,4,155484.6,621938.4
718,422,180,2,115466.49,230932.98
719,422,112,4,19470.44,77881.76
720,423,5,3,30519.87,91559.61
721,423,131,4,143295.26,573181.04
722,424,169,5,150412.49,752062.45
723,425,93,2,17858.7,35717.4
724,425,79,3,41734.88,125204.64
725,426,21,4,22744.73,90978.92
726,426,150,2,98328.76,196657.52
727,427,45,3,61762.25,185286.75
728,427,47,1,133948.99,133948.99
729,428,137,3,48930.45,146791.35
730,428,47,4,108833.56,435334.24
731,429,77,4,153403.57,613614.28
732,430,106,2,140111.54,280223.08
733,431,65,1,73743.07,73743.07
734,431,47,1,167436.24,167436.24
735,432,44,3,169662.51,508987.53
736,432,42,1,13118.25,13118.25
737,432,63,3,148234.94,444704.82
738,433,45,1,61762.25,61762.25
739,433,153,1,114602.94,114602.94
740,434,168,4,73057.62,292230.48
741,434,107,2,150039.39,300078.78
742,435,114,2,83312.91,166625.82
743,435,11,4,50255.07,201020.28
744,436,68,3,31255.82,93767.46
745,437,14,3,50390.14,151170.42
746,437,149,4,131511.02,526044.08
747,438,18,4,155415.22,621660.88
748,439,166,1,83859.94,83859.94
749,439,11,2,50255.07,100510.14
750,440,13,5,136966.31,684831.55
751,440,22,2,83573.69,167147.38
752,441,52,5,40281.45,201407.25
753,442,35,3,131893.81,395681.43
754,442,42,4,13118.25,52473.0
755,443,152,2,9438.5,18877.0
756,444,2,1,8625.53,8625.53
757,445,6,5,66539.35,332696.75
758,446,125,1,112921.84,112921.84
759,447,72,4,162796.58,651186.32
760,448,176,4,155244.89,620979.56
761,449,15,4,85363.93,341455.72
762,449,122,2,140572.15,281144.3
763,450,56,5,99569.48,497847.4
764,451,91,1,80142.97,80142.97
765,451,3,5,129735.47,648677.35
766,452,119,2,88558.74,177117.48
767,453,109,1,35545.21,35545.21
768,454,109,2,40545.21,81090.42
769,455,173,2,34088.29,68176.58
770,455,29,4,42771.43,171085.72
771,455,53,1,47448.46,47448.46
772,456,159,3,18997.14,56991.42
773,457,24,4,89483.21,357932.84
774,458,52,1,30211.09,30211.09
775,459,71,3,126405.89,379217.67
776,460,51,4,23430.87,93723.48
777,461,121,4,73925.22,295700.88
778,462,123,1,138306.49,138306.49
779,462,108,4,111028.71,444114.84
780,463,54,3,2902.07,8706.21
781,463,65,2,58994.46,117988.92
782,463,155,5,22812.41,114062.05
783,464,72,4,162796.58,651186.32
784,464,110,3,94443.02,283329.06
785,464,18,3,155415.22,466245.66
786,465,141,4,113206.2,452824.8
787,466,23,4,137964.41,551857.64
788,467,145,2,117644.61,235289.22
789,467,49,3,53442.77,160328.31
790,468,11,3,50255.07,150765.21
791,468,44,5,169662.51,848312.55
792,469,79,3,41734.88,125204.64
793,470,20,2,123410.16,246820.32
794,470,128,2,128131.18,256262.36
795,471,110,3,94443.02,283329.06
796,472,129,5,101392.76,506963.8
797,472,100,3,99427.2,298281.6
798,473,3,2,106383.09,212766.18
799,474,76,5,34209.12,171045.6
800,475,58,4,123725.8,494903.2
801,476,36,5,82404.6,412023.0
802,476,108,5,111028.71,555143.55
803,477,177,4,5463.6,21854.4
804,478,133,4,85401.75,341607.0
805,479,69,1,12308.29,12308.29
806,479,17,1,53658.7,53658.7
807,480,59,3,24355.94,73067.82
808,480,129,3,101392.76,304178.28
809,481,69,2,11385.36,22770.72
810,482,72,2,162796.58,325593.16
811,483,152,5,10725.57,53627.85
812,484,9,5,100679.83,503399.15
813,485,123,1,138306.49,138306.49
814,485,137,3,75277.61,225832.83
815,486,13,4,152184.79,608739.16
816,486,79,4,41734.88,166939.52
817,487,76,4,42761.4,171045.6
818,487,57,5,10403.71,52018.55
819,488,134,2,109857.31,219714.62
820,488,68,4,48085.88,192343.52
821,488,71,1,126405.89,126405.89
822,489,97,1,124265.68,124265.68
823,490,116,3,88703.15,266109.45
824,490,167,4,70501.48,282005.92
825,491,107,4,150039.39,600157.56
826,492,100,2,105427.2,210854.4
827,493,18,3,101019.89,303059.67
828,494,178,5,126282.68,631413.4
829,494,23,3,117269.75,351809.25
830,495,156,1,62925.34,62925.34
831,495,147,1,28601.63,28601.63
832,496,122,2,124586.33,249172.66
833,497,29,5,36355.72,181778.6
834,497,3,3,110275.15,330825.45
835,498,179,4,90127.84,360511.36
836,499,144,1,5420.38,5420.38
837,499,99,3,110482.81,331448.43
838,500,94,1,70101.38,70101.38
839,500,106,3,140111.54,420334.62
840,500,110,1,94443.02,94443.02
841,501,64,4,37665.17,150660.68
842,502,109,5,40545.21,202726.05
843,503,55,4,81204.89,324819.56
844,503,7,4,97912.37,391649.48
845,504,171,1,162902.46,162902.46
846,504,55,4,81204.89,324819.56
847,505,31,5,15541.75,77708.75
848,506,47,4,167436.24,669744.96
849,506,108,5,111028.71,555143.55
850,506,106,3,140111.54,420334.62
851,507,158,5,112290.32,561451.6
852,507,5,4,30519.87,122079.48
853,508,130,3,103515.59,310546.77
854,508,111,2,120731.72,241463.44
855,509,85,5,54951.61,274758.05
856,509,174,1,144924.73,144924.73
857,510,53,5,40331.19,201655.95
858,511,78,2,70964.19,141928.38
859,512,178,5,148567.86,742839.3
860,512,159,4,18997.14,75988.56
861,513,7,3,97912.37,293737.11
862,513,81,1,177856.96,177856.96
863,513,164,3,162106.81,486320.43
864,514,36,4,82404.6,329618.4
865,514,31,1,15541.75,15541.75
866,515,144,4,5420.38,21681.52
867,516,20,4,80216.6,320866.4
868,516,140,4,77613.83,310455.32
869,517,101,2,38104.37,76208.74
870,518,16,1,46653.07,46653.07
871,519,42,5,13118.25,65591.25
872,520,174,2,144924.73,289849.46
873,520,4,5,128716.89,643584.45
874,520,122,5,128983.49,644917.45
875,521,131,5,93141.92,465709.6
876,522,146,5,51396.21,256981.05
877,523,126,2,49842.36,99684.72
878,523,31,4,15541.75,62167.0
879,523,144,3,5420.38,16261.14
880,524,53,1,47448.46,47448.46
881,524,60,4,34746.84,138987.36
882,524,119,1,136244.22,136244.22
883,525,79,3,31301.16,93903.48
884,525,157,2,52696.25,105392.5
885,526,75,2,53230.19,106460.38
886,527,179,5,112659.8,563299.0
887,528,171,1,162902.46,162902.46
888,528,61,2,146502.63,293005.26
889,529,78,5,70964.19,354820.95
890,529,176,1,155244.89,155244.89
891,529,164,1,162106.81,162106.81
892,530,145,5,117644.61,588223.05
893,531,116,5,88703.15,443515.75
894,531,7,2,97912.37,195824.74
895,531,98,1,102822.62,102822.62
896,532,138,2,121780.24,243560.48
897,532,113,1,64316.62,64316.62
898,533,156,5,56925.34,284626.7
899,534,70,2,130396.5,260793.0
900,535,132,2,85959.54,171919.08
901,535,72,1,162796.58,162796.58
902,536,178,1,148567.86,148567.86
903,536,174,4,164687.19,658748.76
904,537,29,4,42771.43,171085.72
905,537,107,5,150039.39,750196.95
906,538,2,4,8625.53,34502.12
907,538,99,3,110482.81,331448.43
908,538,163,2,28331.84,56663.68
909,539,88,5,5165.73,25828.65
910,539,166,5,67087.95,335439.75
911,540,14,3,50390.14,151170.42
912,540,27,5,157420.65,787103.25
913,540,98,2,102822.62,205645.24
914,541,168,3,73057.62,219172.86
915,541,131,1,143295.26,143295.26
916,541,24,2,89483.21,178966.42
917,542,12,1,46331.53,46331.53
918,542,30,5,4272.78,21363.9
919,542,122,2,146572.15,293144.3
920,543,77,1,153403.57,153403.57
921,544,13,2,124791.53,249583.06
922,545,162,5,16977.4,84887.0
923,546,164,1,121580.11,121580.11
924,547,103,2,64455.07,128910.14
925,548,154,5,156936.96,784684.8
926,548,107,2,150039.39,300078.78
927,549,76,5,30788.21,153941.05
928,549,77,3,110450.57,331351.71
929,550,8,1,159724.96,159724.96
930,550,170,4,41763.8,167055.2
931,551,130,5,117631.35,588156.75
932,552,145,4,111644.61,446578.44
933,552,48,3,86541.59,259624.77
934,552,165,1,164306.71,164306.71
935,553,139,1,58669.54,58669.54
936,554,152,1,10725.57,10725.57
937,555,99,2,110482.81,220965.62
938,555,29,4,42771.43,171085.72
939,556,34,1,132514.24,132514.24
940,557,136,1,179459.35,179459.35
941,557,35,2,131893.81,263787.62
942,558,117,2,55435.62,110871.24
943,558,15,4,91363.93,365455.72
944,559,68,3,38468.7,115406.1
945,560,84,5,113934.47,569672.35
946,561,167,2,70501.48,141002.96
947,562,86,4,125829.12,503316.48
948,562,134,1,109857.31,109857.31
949,563,3,3,103788.38,311365.14
950,564,169,3,150412.49,451237.47
951,564,37,2,146019.94,292039.88
952,565,96,4,118075.5,472302.0
953,565,56,5,99569.48,497847.4
954,566,24,2,64427.91,128855.82
955,567,118,1,154396.18,154396.18
956,567,94,2,61689.21,123378.42
957,567,64,5,46035.21,230176.05
958,568,146,1,51396.21,51396.21
959,568,116,2,88703.15,177406.3
960,568,104,5,148552.57,742762.85
961,569,115,1,134489.95,134489.95
962,570,76,2,42761.4,85522.8
963,571,35,3,131893.81,395681.43
964,572,91,2,80142.97,160285.94
965,573,109,5,40545.21,202726.05
966,573,66,1,34606.5,34606.5
967,574,113,3,47821.63,143464.89
968,574,95,1,33356.44,33356.44
969,575,103,5,64455.07,322275.35
970,575,180,5,115466.49,577332.45
971,575,70,2,130396.5,260793.0
972,576,146,4,47396.21,189584.84
973,577,64,3,52312.74,156938.22
974,577,133,4,90401.75,361607.0
975,577,95,4,47652.06,190608.24
976,578,51,2,23430.87,46861.74
977,579,10,4,62440.21,249760.84
978,580,119,5,136244.22,681221.1
979,581,136,3,173459.35,520378.05
980,581,105,5,74081.22,370406.1
981,582,96,5,118075.5,590377.5
982,583,125,2,112921.84,225843.68
983,584,13,3,152184.79,456554.37
984,585,135,4,104995.72,419982.88
985,586,106,5,140111.54,700557.7
986,587,3,4,90814.83,363259.32
987,587,99,4,77337.97,309351.88
988,588,117,5,44348.5,221742.5
989,589,46,3,129765.95,389297.85
990,589,49,4,53442.77,213771.08
991,590,152,2,10725.57,21451.14
992,590,154,5,156936.96,784684.8
993,591,155,2,28515.51,57031.02
994,591,141,3,113206.2,339618.6
995,591,64,5,52312.74,261563.7
996,592,103,5,64455.07,322275.35
997,592,143,4,175246.99,700987.96
998,593,116,2,88703.15,177406.3
999,593,157,3,70261.66,210784.98
1000,594,112,1,19470.44,19470.44
1001,594,4,2,146269.19,292538.38
1002,594,78,3,70964.19,212892.57
1003,595,13,3,152184.79,456554.37
1004,595,134,5,109857.31,549286.55
1005,596,25,2,45634.27,91268.54
1006,596,84,5,113934.47,569672.35
1007,597,49,1,40082.08,40082.08
1008,597,154,2,117702.72,235405.44
1009,598,104,1,148552.57,148552.57
1010,598,3,1,129735.47,129735.47
1011,598,8,3,159724.96,479174.88
1012,599,168,4,73057.62,292230.48
1013,600,38,3,28437.07,85311.21
1014,600,158,2,108290.32,216580.64
1015,600,18,1,151415.22,151415.22
1016,601,145,3,76469.0,229407.0
1017,601,19,1,46217.48,46217.48
1018,601,56,1,64720.16,64720.16
1019,602,148,4,133763.5,535054.0
1020,603,163,5,22665.47,113327.35
1021,604,9,5,139833.1,699165.5
1022,605,112,3,19470.44,58411.32
1023,605,165,4,170306.71,681226.84
1024,606,171,2,162902.46,325804.92
1025,607,3,3,129735.47,389206.41
1026,608,167,1,70501.48,70501.48
1027,608,39,5,70078.24,350391.2
1028,609,87,2,61537.39,123074.78
1029,610,125,4,84691.38,338765.52
1030,611,27,5,102323.42,511617.1
1031,612,144,2,5420.38,10840.76
1032,612,159,5,18997.14,94985.7
1033,612,103,5,64455.07,322275.35
1034,613,9,4,139833.1,559332.4
1035,613,167,5,70501.48,352507.4
1036,613,95,2,47652.06,95304.12
1037,614,22,3,92859.66,278578.98
1038,614,122,2,146572.15,293144.3
1039,614,169,1,150412.49,150412.49
1040,615,105,4,80081.22,320324.88
1041,616,135,4,104995.72,419982.88
1042,617,123,3,113411.32,340233.96
1043,617,40,1,103563.29,103563.29
1044,618,79,4,41734.88,166939.52
1045,619,42,3,13118.25,39354.75
1046,620,19,2,71103.81,142207.62
1047,621,159,3,18997.14,56991.42
1048,622,25,4,45634.27,182537.08
1049,622,4,4,146269.19,585076.76
1050,622,14,4,50390.14,201560.56
1051,623,44,1,144213.13,144213.13
1052,624,90,1,133030.23,133030.23
1053,625,23,5,137964.41,689822.05
1054,626,46,2,129765.95,259531.9
1055,626,12,3,46331.53,138994.59
1056,627,150,1,98328.76,98328.76
1057,627,153,5,143253.68,716268.4
1058,628,124,2,82741.06,165482.12
1059,629,11,2,50255.07,100510.14
1060,630,48,3,92541.59,277624.77
1061,631,80,3,47108.1,141324.3
1062,631,71,5,126405.89,632029.45
1063,631,115,5,134489.95,672449.75
1064,632,70,4,130396.5,521586.0
1065,633,114,5,83312.91,416564.55
1066,634,33,2,36702.55,73405.1
1067,635,17,1,55000.16,55000.16
1068,636,121,3,59140.18,177420.54
1069,636,106,1,112089.23,112089.23
1070,637,156,4,62925.34,251701.36
1071,637,19,1,71103.81,71103.81
1072,638,177,1,1639.08,1639.08
1073,638,143,4,170246.99,680987.96
1074,638,92,2,146769.5,293539.0
1075,639,43,3,17179.73,51539.19
1076,639,138,1,125780.24,125780.24
1077,639,152,3,10725.57,32176.71
1078,640,50,3,96622.5,289867.5
1079,641,19,5,60438.24,302191.2
1080,642,131,3,143295.26,429885.78
1081,642,1,3,46345.86,139037.58
1082,643,21,3,18195.78,54587.34
1083,643,25,4,36507.42,146029.68
1084,644,159,4,18997.14,75988.56
1085,645,64,1,52312.74,52312.74
1086,645,155,4,28515.51,114062.04
1087,646,126,4,39873.89,159495.56
1088,647,73,1,36182.11,36182.11
1089,648,4,3,146269.19,438807.57
1090,648,80,3,47108.1,141324.3
1091,649,71,1,126405.89,126405.89
1092,650,64,2,39234.56,78469.12
1093,650,155,2,21386.63,42773.26
1094,650,140,1,89554.42,89554.42
1095,651,7,2,97912.37,195824.74
1096,651,175,5,157060.26,785301.3
1097,652,42,1,8526.86,8526.86
1098,653,96,5,118075.5,590377.5
1099,654,176,1,155244.89,155244.89
1100,654,72,4,162796.58,651186.32
1101,655,4,4,146269.19,585076.76
1102,655,39,3,70078.24,210234.72
1103,656,179,3,95760.83,287282.49
1104,657,98,3,102822.62,308467.86
1105,658,154,2,151936.96,303873.92
1106,658,53,2,42448.46,84896.92
1107,659,107,2,150039.39,300078.78
1108,660,49,5,53442.77,267213.85
1109,661,77,5,153403.57,767017.85
1110,661,68,5,48085.88,240429.4
1111,661,6,1,66539.35,66539.35
1112,662,111,1,137195.14,137195.14
1113,662,125,5,112921.84,564609.2
1114,663,155,4,28515.51,114062.04
1115,663,143,1,175246.99,175246.99
1116,664,11,1,41209.16,41209.16
1117,664,174,5,135043.5,675217.5
1118,665,24,3,89483.21,268449.63
1119,665,139,2,58669.54,117339.08
1120,666,52,2,40281.45,80562.9
1121,667,97,1,151543.51,151543.51
1122,667,26,3,138552.69,415658.07
1123,668,142,5,100211.88,501059.4
1124,668,87,1,85468.6,85468.6
1125,669,103,2,64455.07,128910.14
1126,670,31,1,15541.75,15541.75
1127,671,104,3,148552.57,445657.71
1128,671,9,4,139833.1,559332.4
1129,672,173,2,34088.29,68176.58
1130,672,41,1,55517.29,55517.29
1131,673,154,4,138104.52,552418.08
1132,674,122,3,146572.15,439716.45
1133,674,123,3,138306.49,414919.47
1134,675,76,1,42761.4,42761.4
1135,675,123,5,138306.49,691532.45
1136,676,174,2,164687.19,329374.38
1137,676,36,1,82404.6,82404.6
1138,677,17,3,46951.36,140854.08
1139,678,19,5,58305.12,291525.6
1140,679,63,3,148234.94,444704.82
1141,679,148,4,139763.5,559054.0
1142,680,125,2,112921.84,225843.68
1143,680,100,4,105427.2,421708.8
1144,680,105,2,80081.22,160162.44
1145,681,180,5,115466.49,577332.45
1146,682,1,3,46345.86,139037.58
1147,683,4,2,109701.89,219403.78
1148,684,19,3,71103.81,213311.43
1149,684,137,1,75277.61,75277.61
1150,685,125,5,112921.84,564609.2
1151,686,2,5,8625.53,43127.65
1152,686,56,4,99569.48,398277.92
1153,686,100,1,105427.2,105427.2
1154,687,14,4,50390.14,201560.56
1155,688,102,4,139729.12,558916.48
1156,689,3,3,129735.47,389206.41
1157,690,136,1,179459.35,179459.35
1158,691,110,1,75554.42,75554.42
1159,691,69,5,12308.29,61541.45
1160,692,31,2,15541.75,31083.5
1161,692,3,5,129735.47,648677.35
1162,693,31,2,11190.06,22380.12
1163,694,61,1,117202.1,117202.1
1164,695,35,1,131893.81,131893.81
1165,696,87,2,81468.6,162937.2
1166,696,41,4,51517.29,206069.16
1167,697,146,5,51396.21,256981.05
1168,697,120,3,80962.98,242888.94
1169,698,29,5,42771.43,213857.15
1170,699,48,1,92541.59,92541.59
1171,699,101,1,38104.37,38104.37
1172,700,137,1,75277.61,75277.61
1173,700,111,2,137195.14,274390.28
1174,701,119,3,136244.22,408732.66
1175,701,90,3,133030.23,399090.69
1176,701,127,3,75307.61,225922.83
1177,702,162,2,16977.4,33954.8
1178,702,152,1,10725.57,10725.57
1179,703,143,5,143702.53,718512.65
1180,704,74,3,81262.28,243786.84
1181,705,24,1,89483.21,89483.21
1182,706,162,1,10977.4,10977.4
1183,706,144,5,1626.11,8130.55
1184,707,90,3,106424.18,319272.54
1185,707,162,5,13581.92,67909.6
1186,708,73,3,40202.34,120607.02
1187,709,104,2,148552.57,297105.14
1188,710,153,2,143253.68,286507.36
1189,710,176,1,155244.89,155244.89
1190,710,95,4,47652.06,190608.24
1191,711,14,4,32753.59,131014.36
1192,711,81,4,115607.02,462428.08
1193,712,105,1,80081.22,80081.22
1194,713,36,5,61803.45,309017.25
1195,713,80,4,35331.07,141324.28
1196,714,3,3,129735.47,389206.41
1197,715,164,2,157106.81,314213.62
1198,716,104,2,148552.57,297105.14
1199,716,5,2,30519.87,61039.74
1200,717,17,3,53658.7,160976.1
1201,718,7,3,97912.37,293737.11
1202,718,19,2,71103.81,142207.62
1203,719,18,2,136765.39,273530.78
1204,719,113,1,60118.63,60118.63
1205,720,25,3,45634.27,136902.81
1206,721,89,5,55854.44,279272.2
1207,722,16,3,46653.07,139959.21
1208,723,66,3,34606.5,103819.5
1209,724,63,5,148234.94,741174.7
1210,725,114,5,83312.91,416564.55
1211,726,97,3,151543.51,454630.53
1212,727,94,1,70101.38,70101.38
1213,727,55,3,81204.89,243614.67
1214,728,120,1,75962.98,75962.98
1215,728,150,3,93328.76,279986.28
1216,729,32,1,131033.4,131033.4
1217,729,147,5,28601.63,143008.15
1218,730,137,4,75277.61,301110.44
1219,730,102,3,139729.12,419187.36
1220,731,104,2,144552.57,289105.14
1221,731,149,4,127511.02,510044.08
1222,732,32,5,85171.71,425858.55
1223,733,83,5,155484.6,777423.0
1224,734,161,5,69346.87,346734.35
1225,735,141,1,113206.2,113206.2
1226,736,120,1,80962.98,80962.98
1227,737,63,4,148234.94,592939.76
1228,737,178,4,148567.86,594271.44
1229,738,23,3,89676.87,269030.61
1230,738,139,2,38135.2,76270.4
1231,739,165,2,170306.71,340613.42
1232,739,26,2,138552.69,277105.38
1233,739,145,1,117644.61,117644.61
1234,740,111,2,137195.14,274390.28
1235,740,126,2,49842.36,99684.72
1236,741,37,5,146019.94,730099.7
1237,742,55,2,81204.89,162409.78
1238,742,175,2,157060.26,314120.52
1239,743,104,3,111414.43,334243.29
1240,743,75,1,39922.64,39922.64
1241,744,144,2,3523.25,7046.5
1242,745,42,4,13118.25,52473.0
1243,746,118,5,143869.16,719345.8
1244,746,97,2,124265.68,248531.36
1245,746,159,3,15577.65,46732.95
1246,747,122,2,146572.15,293144.3
1247,748,41,5,55517.29,277586.45
1248,748,58,3,123725.8,371177.4
1249,749,12,2,46331.53,92663.06
1250,749,35,2,131893.81,263787.62
1251,750,25,3,45634.27,136902.81
1252,751,1,4,38003.61,152014.44
1253,751,17,5,55000.16,275000.8
1254,752,45,5,77202.81,386014.05
1255,753,36,2,82404.6,164809.2
1256,754,127,5,54221.48,271107.4
1257,754,169,5,108296.99,541484.95
1258,754,19,5,51194.74,255973.7
1259,755,156,1,45306.24,45306.24
1260,756,124,3,82741.06,248223.18
1261,756,85,1,62445.01,62445.01
1262,757,69,3,13846.82,41540.46
1263,758,100,1,105427.2,105427.2
1264,759,114,5,83312.91,416564.55
1265,759,83,5,155484.6,777423.0
1266,759,112,5,19470.44,97352.2
1267,760,142,2,100211.88,200423.76
1268,761,1,4,46345.86,185383.44
1269,762,63,2,148234.94,296469.88
1270,762,55,2,81204.89,162409.78
1271,763,111,2,112500.01,225000.02
1272,763,161,2,56864.43,113728.86
1273,764,120,4,80962.98,323851.92
1274,765,20,4,123410.16,493640.64
1275,766,130,4,117631.35,470525.4
1276,766,180,4,115466.49,461865.96
1277,766,9,3,139833.1,419499.3
1278,767,8,1,159724.96,159724.96
1279,767,114,2,83312.91,166625.82
1280,768,14,4,40312.11,161248.44
1281,768,61,1,117202.1,117202.1
1282,769,81,2,177856.96,355713.92
1283,770,78,3,63867.77,191603.31
1284,770,35,1,118704.43,118704.43
1285,771,10,4,83253.62,333014.48
1286,771,164,3,162106.81,486320.43
1287,772,34,3,155899.1,467697.3
1288,772,127,1,75307.61,75307.61
1289,773,112,3,13470.44,40411.32
1290,773,122,5,140572.15,702860.75
1291,774,117,4,44348.5,177394.0
1292,775,146,1,43686.78,43686.78
1293,776,111,1,137195.14,137195.14
1294,776,41,1,55517.29,55517.29
1295,777,104,2,148552.57,297105.14
1296,778,170,4,37763.8,151055.2
1297,778,92,3,147769.5,443308.5
1298,779,19,4,58305.12,233220.48
1299,779,73,3,32965.92,98897.76
1300,779,147,3,23453.34,70360.02
1301,780,166,2,71280.95,142561.9
1302,780,151,1,133381.57,133381.57
1303,781,56,5,84634.06,423170.3
1304,781,151,4,133381.57,533526.28
1305,782,139,5,58669.54,293347.7
1306,782,72,1,162796.58,162796.58
1307,783,130,4,117631.35,470525.4
1308,784,159,3,13997.14,41991.42
1309,785,4,5,124328.81,621644.05
1310,785,73,2,34171.99,68343.98
1311,786,107,4,150039.39,600157.56
1312,787,33,2,36702.55,73405.1
1313,788,152,4,10725.57,42902.28
1314,788,66,1,34606.5,34606.5
1315,789,41,5,55517.29,277586.45
1316,790,137,1,75277.61,75277.61
1317,790,167,1,70501.48,70501.48
1318,791,74,5,65009.82,325049.1
1319,792,59,1,30355.94,30355.94
1320,792,65,1,73743.07,73743.07
1321,792,5,2,30519.87,61039.74
1322,793,112,2,19470.44,38940.88
1323,793,179,2,112659.8,225319.6
1324,794,152,4,10725.57,42902.28
1325,794,136,3,179459.35,538378.05
1326,794,78,2,70964.19,141928.38
1327,795,164,3,162106.81,486320.43
1328,795,42,4,13118.25,52473.0
1329,796,130,4,117631.35,470525.4
1330,796,179,1,112659.8,112659.8
1331,797,129,2,107392.76,214785.52
1332,797,135,2,104995.72,209991.44
1333,798,135,5,104995.72,524978.6
1334,799,15,5,91363.93,456819.65
1335,799,85,3,62445.01,187335.03
1336,800,134,1,109857.31,109857.31
1337,801,20,2,123410.16,246820.32
1338,802,66,3,34606.5,103819.5
1339,802,148,4,139763.5,559054.0
1340,803,148,5,139763.5,698817.5
1341,804,70,1,130396.5,130396.5
1342,804,101,3,38104.37,114313.11
1343,805,176,5,155244.89,776224.45
1344,805,114,3,83312.91,249938.73
1345,806,100,5,105427.2,527136.0
1346,806,50,2,96622.5,193245.0
1347,807,159,2,18997.14,37994.28
1348,807,114,4,83312.91,333251.64
1349,807,40,1,126296.7,126296.7
1350,808,140,1,114405.89,114405.89
1351,809,37,1,119736.35,119736.35
1352,809,107,4,123032.3,492129.2
1353,810,2,1,6037.87,6037.87
1354,811,92,3,151769.5,455308.5
1355,812,176,4,155244.89,620979.56
1356,812,130,3,117631.35,352894.05
1357,813,171,5,162902.46,814512.3
1358,814,83,4,155484.6,621938.4
1359,814,84,3,113934.47,341803.41
1360,814,92,1,151769.5,151769.5
1361,815,45,4,71202.81,284811.24
1362,815,66,3,28606.5,85819.5
1363,815,121,1,67925.22,67925.22
1364,816,99,5,110482.81,552414.05
1365,817,134,4,71407.25,285629.0
1366,818,34,1,155899.1,155899.1
1367,818,75,3,53230.19,159690.57
1368,819,98,3,102822.62,308467.86
1369,820,28,2,68621.64,137243.28
1370,821,66,3,29606.5,88819.5
1371,822,132,5,81959.54,409797.7
1372,823,76,2,42761.4,85522.8
1373,823,2,2,8625.53,17251.06
1374,824,105,5,56056.85,280284.25
1375,825,5,3,30519.87,91559.61
1376,825,132,4,85959.54,343838.16
1377,825,60,1,34746.84,34746.84
1378,826,116,2,62092.2,124184.4
1379,826,6,4,46577.54,186310.16
1380,827,160,3,90603.51,271810.53
1381,828,69,2,10385.36,20770.72
1382,828,40,5,121296.7,606483.5
1383,829,16,1,46653.07,46653.07
1384,829,45,3,77202.81,231608.43
1385,830,139,5,58669.54,293347.7
1386,830,157,2,70261.66,140523.32
1387,831,156,3,62925.34,188776.02
1388,832,55,5,52783.18,263915.9
1389,832,69,1,10000.48,10000.48
1390,833,111,1,137195.14,137195.14
1391,833,164,5,162106.81,810534.05
1392,834,125,5,92595.91,462979.55
1393,835,35,2,125893.81,251787.62
1394,835,70,5,124396.5,621982.5
1395,835,87,3,79468.6,238405.8
1396,836,93,4,17858.7,71434.8
1397,837,135,3,75596.92,226790.76
1398,837,4,3,105313.82,315941.46
1399,838,119,4,136244.22,544976.88
1400,838,53,4,47448.46,189793.84
1401,838,91,3,80142.97,240428.91
1402,839,4,4,146269.19,585076.76
1403,839,147,2,28601.63,57203.26
1404,839,83,5,155484.6,777423.0
1405,840,5,3,24415.9,73247.7
1406,841,161,1,45075.47,45075.47
1407,841,141,2,73584.03,147168.06
1408,842,111,2,137195.14,274390.28
1409,842,1,5,46345.86,231729.3
1410,843,38,1,32437.07,32437.07
1411,844,24,5,89483.21,447416.05
1412,844,91,5,80142.97,400714.85
1413,845,36,3,82404.6,247213.8
1414,845,86,5,125829.12,629145.6
1415,845,134,1,109857.31,109857.31
1416,846,80,2,47108.1,94216.2
1417,847,25,5,31943.99,159719.95
1418,848,171,4,162902.46,651609.84
1419,848,118,3,175450.2,526350.6
1420,849,118,5,149132.67,745663.35
1421,849,93,3,15179.9,45539.7
1422,850,30,1,4272.78,4272.78
1423,850,169,5,150412.49,752062.45
1424,850,80,4,47108.1,188432.4
1425,851,176,2,124195.91,248391.82
1426,851,134,2,87885.85,175771.7
1427,852,134,2,109857.31,219714.62
1428,853,82,5,160887.59,804437.95
1429,853,165,4,170306.71,681226.84
1430,854,71,5,122405.89,612029.45
1431,854,28,4,69621.64,278486.56
1432,855,166,2,78859.94,157719.88
1433,856,110,1,94443.02,94443.02
1434,857,93,4,17858.7,71434.8
1435,857,141,5,113206.2,566031.0
1436,858,43,4,13743.78,54975.12
1437,858,118,4,140360.16,561440.64
1438,859,133,2,90401.75,180803.5
1439,860,114,2,83312.91,166625.82
1440,861,99,2,110482.81,220965.62
1441,861,104,5,148552.57,742762.85
1442,862,165,1,170306.71,170306.71
1443,863,136,1,179459.35,179459.35
1444,864,129,2,107392.76,214785.52
1445,865,38,4,26598.4,106393.6
1446,866,88,3,6457.16,19371.48
1447,866,145,4,117644.61,470578.44
1448,867,152,4,10725.57,42902.28
1449,867,6,2,66539.35,133078.7
1450,868,118,2,175450.2,350900.4
1451,869,122,1,140572.15,140572.15
1452,870,129,5,107392.76,536963.8
1453,871,39,2,70078.24,140156.48
1454,872,174,5,164687.19,823435.95
1455,873,110,3,94443.02,283329.06
1456,874,139,4,49869.11,199476.44
1457,874,161,1,58944.84,58944.84
1458,875,142,4,100211.88,400847.52
1459,875,72,4,162796.58,651186.32
1460,876,67,4,51349.3,205397.2
1461,876,19,4,56883.05,227532.2
1462,877,81,2,177856.96,355713.92
1463,878,20,5,123410.16,617050.8
1464,878,140,5,119405.89,597029.45
1465,879,116,4,75397.68,301590.72
1466,879,54,5,3083.45,15417.25
1467,880,150,1,98328.76,98328.76
1468,881,155,1,28515.51,28515.51
1469,882,78,5,70964.19,354820.95
1470,882,95,5,47652.06,238260.3
1471,883,161,2,69346.87,138693.74
1472,883,100,4,105427.2,421708.8
1473,884,54,3,3627.59,10882.77
1474,884,130,5,117631.35,588156.75
1475,885,106,5,112089.23,560446.15
1476,885,53,1,37958.77,37958.77
1477,886,5,4,30519.87,122079.48
1478,886,176,1,155244.89,155244.89
1479,886,123,2,138306.49,276612.98
1480,887,103,1,46407.65,46407.65
1481,888,162,5,16977.4,84887.0
1482,889,86,1,113246.21,113246.21
1483,890,140,2,119405.89,238811.78
1484,890,26,5,138552.69,692763.45
1485,891,139,4,58669.54,234678.16
1486,891,134,1,109857.31,109857.31
1487,892,35,4,131893.81,527575.24
1488,892,7,1,97912.37,97912.37
1489,893,100,1,105427.2,105427.2
1490,893,153,1,143253.68,143253.68
1491,893,10,4,83253.62,333014.48
1492,894,57,2,10403.71,20807.42
1493,894,124,5,82741.06,413705.3
1494,895,100,5,105427.2,527136.0
1495,895,142,2,100211.88,200423.76
1496,896,131,4,143295.26,573181.04
1497,897,156,1,62925.34,62925.34
1498,897,117,2,55435.62,110871.24
1499,898,12,4,39381.8,157527.2
1500,898,108,3,94374.4,283123.2
1501,899,158,4,89832.26,359329.04
1502,900,58,3,123725.8,371177.4
1503,900,49,4,53442.77,213771.08
1504,900,87,1,85468.6,85468.6
1505,901,114,1,83312.91,83312.91
1506,901,61,2,146502.63,293005.26
1507,902,169,1,150412.49,150412.49
1508,902,56,3,99569.48,298708.44
1509,903,162,1,16977.4,16977.4
1510,904,82,1,160887.59,160887.59
1511,904,113,3,68316.62,204949.86
1512,905,24,5,67112.41,335562.05
1513,906,155,2,25663.96,51327.92
1514,907,72,1,162796.58,162796.58
1515,907,68,3,48085.88,144257.64
1516,908,131,5,143295.26,716476.3
1517,909,20,3,123410.16,370230.48
1518,910,124,1,82741.06,82741.06
1519,911,180,2,115466.49,230932.98
1520,911,27,2,157420.65,314841.3
1521,912,83,4,155484.6,621938.4
1522,912,13,5,152184.79,760923.95
1523,912,51,4,23430.87,93723.48
1524,913,161,4,65346.87,261387.48
1525,914,137,1,75277.61,75277.61
1526,914,155,1,28515.51,28515.51
1527,915,113,5,68316.62,341583.1
1528,915,116,4,88703.15,354812.6
1529,916,37,3,146019.94,438059.82
1530,916,60,3,34746.84,104240.52
1531,917,132,3,85959.54,257878.62
1532,918,122,5,146572.15,732860.75
1533,919,7,4,83225.51,332902.04
1534,919,60,4,29534.81,118139.24
1535,920,6,2,66539.35,133078.7
1536,920,17,2,67073.37,134146.74
1537,920,111,5,137195.14,685975.7
1538,921,56,4,99569.48,398277.92
1539,922,54,3,3627.59,10882.77
1540,922,31,5,15541.75,77708.75
1541,923,94,5,70101.38,350506.9
1542,923,116,2,88703.15,177406.3
1543,923,42,4,13118.25,52473.0
1544,924,131,4,143295.26,573181.04
1545,925,54,5,1088.28,5441.4
1546,925,10,1,79253.62,79253.62
1547,925,35,3,127893.81,383681.43
1548,926,170,2,37763.8,75527.6
1549,926,78,2,66964.19,133928.38
1550,927,77,1,147403.57,147403.57
1551,928,96,1,85014.36,85014.36
1552,929,161,5,69346.87,346734.35
1553,929,66,2,34606.5,69213.0
1554,930,100,4,105427.2,421708.8
1555,930,7,2,97912.37,195824.74
1556,931,99,4,90595.9,362383.6
1557,932,100,1,105427.2,105427.2
1558,932,46,3,129765.95,389297.85
1559,933,147,5,28601.63,143008.15
1560,933,92,3,151769.5,455308.5
1561,934,161,3,64346.87,193040.61
1562,934,125,5,107921.84,539609.2
1563,935,17,4,67073.37,268293.48
1564,936,4,2,146269.19,292538.38
1565,937,20,1,123410.16,123410.16
1566,937,132,4,85959.54,343838.16
1567,937,171,5,162902.46,814512.3
1568,938,166,1,54508.96,54508.96
1569,938,74,2,52820.48,105640.96
1570,939,77,4,153403.57,613614.28
1571,939,71,4,126405.89,505623.56
1572,940,15,3,91363.93,274091.79
1573,940,152,5,10725.57,53627.85
1574,941,125,4,81303.72,325214.88
1575,942,33,5,36702.55,183512.75
1576,943,33,4,36702.55,146810.2
1577,943,138,3,125780.24,377340.72
1578,944,62,1,111579.13,111579.13
1579,944,52,2,29002.64,58005.28
1580,945,163,3,28331.84,84995.52
1581,946,8,5,159724.96,798624.8
1582,946,148,4,139763.5,559054.0
1583,946,166,2,83859.94,167719.88
1584,947,49,4,53442.77,213771.08
1585,948,118,1,149132.67,149132.67
1586,949,97,4,151543.51,606174.04
1587,949,107,4,150039.39,600157.56
1588,950,1,4,46345.86,185383.44
1589,950,36,2,82404.6,164809.2
1590,950,81,3,177856.96,533570.88
1591,951,9,2,123053.13,246106.26
1592,952,33,2,36702.55,73405.1
1593,952,35,3,131893.81,395681.43
1594,953,140,1,119405.89,119405.89
1595,953,11,2,50255.07,100510.14
1596,954,109,2,40545.21,81090.42
1597,954,142,4,100211.88,400847.52
1598,955,159,1,12348.14,12348.14
1599,956,116,5,88703.15,443515.75
1600,957,39,3,70078.24,210234.72
1601,958,104,1,148552.57,148552.57
1602,959,7,5,97912.37,489561.85
1603,960,63,3,148234.94,444704.82
1604,961,78,4,70964.19,283856.76
1605,962,112,4,19470.44,77881.76
1606,962,79,1,41734.88,41734.88
1607,962,36,1,82404.6,82404.6
1608,963,64,2,42896.45,85792.9
1609,963,126,4,40870.74,163482.96
1610,964,146,5,47396.21,236981.05
1611,965,92,4,151769.5,607078.0
1612,965,165,5,170306.71,851533.55
1613,966,92,2,151769.5,303539.0
1614,966,150,2,98328.76,196657.52
1615,967,113,4,68316.62,273266.48
1616,968,68,5,48085.88,240429.4
1617,968,24,1,89483.21,89483.21
1618,968,77,1,153403.57,153403.57
1619,969,141,3,113206.2,339618.6
1620,970,46,3,129765.95,389297.85
1621,971,54,3,3627.59,10882.77
1622,972,175,5,157060.26,785301.3
1623,972,66,4,34606.5,138426.0
1624,973,47,5,167436.24,837181.2
1625,974,59,3,30355.94,91067.82
1626,974,147,4,28601.63,114406.52
1627,974,1,2,46345.86,92691.72
1628,975,17,3,67073.37,201220.11
1629,975,65,4,73743.07,294972.28
1630,975,93,1,17858.7,17858.7
1631,976,124,3,74466.95,223400.85
1632,977,51,3,23430.87,70292.61
1633,977,39,1,70078.24,70078.24
1634,978,179,5,108659.8,543299.0
1635,979,133,4,90401.75,361607.0
1636,980,82,1,160887.59,160887.59
1637,980,55,2,81204.89,162409.78
1638,981,3,5,129735.47,648677.35
1639,981,75,3,53230.19,159690.57
1640,981,4,3,146269.19,438807.57
1641,982,127,4,75307.61,301230.44
1642,983,132,2,85959.54,171919.08
1643,984,136,3,175459.35,526378.05
1644,985,16,5,46653.07,233265.35
1645,985,26,4,138552.69,554210.76
1646,986,22,5,87859.66,439298.3
1647,986,80,1,42108.1,42108.1
1648,986,53,3,42448.46,127345.38
1649,987,17,3,63073.37,189220.11
1650,988,124,5,82741.06,413705.3
1651,989,162,1,16977.4,16977.4
1652,990,4,1,146269.19,146269.19
1653,990,125,5,112921.84,564609.2
1654,990,141,4,113206.2,452824.8
1655,991,158,4,112290.32,449161.28
1656,992,82,3,160887.59,482662.77
1657,992,109,2,40545.21,81090.42
1658,993,117,1,55435.62,55435.62
1659,994,141,1,113206.2,113206.2
1660,995,110,5,94443.02,472215.1
1661,996,63,3,148234.94,444704.82
1662,996,19,3,71103.81,213311.43
1663,997,51,1,16401.61,16401.61
1664,998,14,2,50390.14,100780.28
1665,999,48,5,92541.59,462707.95
1666,1000,86,3,125829.12,377487.36
1667,1001,5,2,30519.87,61039.74
1668,1001,173,2,34088.29,68176.58
1669,1001,84,3,113934.47,341803.41
1670,1002,25,2,45634.27,91268.54
1671,1002,75,1,53230.19,53230.19
1672,1003,123,1,138306.49,138306.49
1673,1004,20,3,123410.16,370230.48
1674,1005,151,5,156919.5,784597.5
1675,1006,25,4,45634.27,182537.08
1676,1007,64,2,52312.74,104625.48
1677,1008,133,2,90401.75,180803.5
1678,1008,37,2,146019.94,292039.88
1679,1009,72,3,162796.58,488389.74
1680,1009,10,2,83253.62,166507.24
1681,1009,9,5,139833.1,699165.5
1682,1010,171,2,162902.46,325804.92
1683,1011,97,2,145543.51,291087.02
1684,1012,25,5,45634.27,228171.35
1685,1012,170,1,41763.8,41763.8
1686,1013,30,5,4272.78,21363.9
1687,1013,54,3,3627.59,10882.77
1688,1013,66,2,34606.5,69213.0
1689,1014,26,2,138552.69,277105.38
1690,1015,45,3,77202.81,231608.43
1691,1016,97,1,106080.46,106080.46
1692,1017,41,5,55517.29,277586.45
1693,1017,63,3,148234.94,444704.82
1694,1018,106,3,140111.54,420334.62
1695,1019,56,3,99569.48,298708.44
1696,1020,103,3,64455.07,193365.21
1697,1021,77,4,153403.57,613614.28
1698,1021,157,4,70261.66,281046.64
1699,1022,45,5,77202.81,386014.05
1700,1022,68,5,48085.88,240429.4
1701,1023,50,3,96622.5,289867.5
1702,1024,14,5,50390.14,251950.7
1703,1025,64,4,52312.74,209250.96
1704,1025,112,2,19470.44,38940.88
1705,1025,117,3,55435.62,166306.86
1706,1026,141,3,113206.2,339618.6
1707,1026,164,2,162106.81,324213.62
1708,1027,60,4,34746.84,138987.36
1709,1027,92,1,151769.5,151769.5
1710,1028,46,4,103812.76,415251.04
1711,1029,104,5,148552.57,742762.85
1712,1029,95,1,47652.06,47652.06
1713,1029,86,3,125829.12,377487.36
1714,1030,100,2,105427.2,210854.4
1715,1031,64,5,52312.74,261563.7
1716,1032,107,4,150039.39,600157.56
1717,1033,69,4,12616.0,50464.0
1718,1034,95,2,47652.06,95304.12
1719,1034,57,4,10403.71,41614.84
1720,1035,179,2,112659.8,225319.6
1721,1035,95,3,47652.06,142956.18
1722,1036,70,3,130396.5,391189.5
1723,1036,101,2,38104.37,76208.74
1724,1036,112,3,19470.44,58411.32
1725,1037,149,4,94687.93,378751.72
1726,1038,163,5,28331.84,141659.2
1727,1039,87,2,85468.6,170937.2
1728,1039,64,3,52312.74,156938.22
1729,1040,100,4,105427.2,421708.8
1730,1041,39,3,70078.24,210234.72
1731,1041,77,4,153403.57,613614.28
1732,1041,27,1,157420.65,157420.65
1733,1042,118,4,175450.2,701800.8
1734,1043,161,3,69346.87,208040.61
1735,1043,141,3,113206.2,339618.6
1736,1043,58,2,123725.8,247451.6
1737,1044,74,3,81262.28,243786.84
1738,1044,106,5,140111.54,700557.7
1739,1044,141,4,113206.2,452824.8
1740,1045,148,1,111810.8,111810.8
1741,1046,26,4,138552.69,554210.76
1742,1047,38,5,32437.07,162185.35
1743,1047,76,4,42761.4,171045.6
1744,1048,61,5,146502.63,732513.15
1745,1048,158,5,112290.32,561451.6
1746,1049,20,1,92557.62,92557.62
1747,1049,107,3,112529.54,337588.62
1748,1050,173,1,34088.29,34088.29
1749,1050,129,4,107392.76,429571.04
1750,1050,22,5,92859.66,464298.3
1751,1051,178,1,148567.86,148567.86
1752,1051,119,1,136244.22,136244.22
1753,1052,128,2,128131.18,256262.36
1754,1053,98,1,71975.83,71975.83
1755,1054,43,1,17179.73,17179.73
1756,1055,71,4,126405.89,505623.56
1757,1055,138,4,125780.24,503120.96
1758,1055,158,5,112290.32,561451.6
1759,1056,5,4,26519.87,106079.48
1760,1056,143,3,171246.99,513740.97
1761,1056,36,5,78404.6,392023.0
1762,1057,34,1,155899.1,155899.1
1763,1058,102,3,139729.12,419187.36
1764,1058,51,4,23430.87,93723.48
1765,1058,152,4,10725.57,42902.28
1766,1059,165,3,165306.71,495920.13
1767,1060,149,2,131511.02,263022.04
1768,1060,163,4,28331.84,113327.36
1769,1061,76,4,42761.4,171045.6
1770,1061,89,2,55854.44,111708.88
1771,1062,49,4,53442.77,213771.08
1772,1062,154,2,156936.96,313873.92
1773,1062,28,5,73621.64,368108.2
1774,1063,151,1,156919.5,156919.5
1775,1063,162,2,16977.4,33954.8
1776,1063,77,4,153403.57,613614.28
1777,1064,68,1,48085.88,48085.88
1778,1064,130,1,117631.35,117631.35
1779,1065,106,4,140111.54,560446.16
1780,1066,146,1,45228.66,45228.66
1781,1066,118,5,154396.18,771980.9
1782,1067,173,1,34088.29,34088.29
1783,1068,141,2,79244.34,158488.68
1784,1069,57,5,10403.71,52018.55
1785,1070,27,4,157420.65,629682.6
1786,1071,90,5,133030.23,665151.15
1787,1072,103,2,64455.07,128910.14
1788,1073,70,1,130396.5,130396.5
1789,1073,150,1,98328.76,98328.76
1790,1074,60,3,34746.84,104240.52
1791,1075,56,4,99569.48,398277.92
1792,1075,122,4,146572.15,586288.6
1793,1075,171,2,162902.46,325804.92
1794,1076,71,3,126405.89,379217.67
1795,1076,137,1,75277.61,75277.61
1796,1076,26,5,138552.69,692763.45
1797,1077,177,1,5463.6,5463.6
1798,1077,68,1,48085.88,48085.88
1799,1078,112,2,19470.44,38940.88
1800,1078,127,1,75307.61,75307.61
1801,1078,154,1,156936.96,156936.96
1802,1079,140,4,119405.89,477623.56
1803,1079,24,1,89483.21,89483.21
1804,1079,27,3,157420.65,472261.95
1805,1080,152,1,8044.18,8044.18
1806,1080,170,1,31322.85,31322.85
1807,1081,80,2,30620.26,61240.52
1808,1082,10,5,70765.58,353827.9
1809,1082,39,4,59566.5,238266.0
1810,1082,136,4,152540.45,610161.8
1811,1083,104,1,148552.57,148552.57
1812,1083,140,5,119405.89,597029.45
1813,1083,9,5,139833.1,699165.5
1814,1084,75,2,53230.19,106460.38
1815,1085,52,3,40281.45,120844.35
1816,1086,85,5,62445.01,312225.05
1817,1086,78,3,70964.19,212892.57
1818,1087,16,2,46653.07,93306.14
1819,1087,54,1,3627.59,3627.59
1820,1087,82,4,160887.59,643550.36
1821,1088,123,5,138306.49,691532.45
1822,1089,25,1,29662.28,29662.28
1823,1089,125,2,73399.2,146798.4
1824,1089,152,5,6971.62,34858.1
1825,1090,21,3,14784.07,44352.21
1826,1091,26,1,133552.69,133552.69
1827,1091,180,4,110466.49,441865.96
1828,1092,35,1,94963.54,94963.54
1829,1093,80,2,41455.13,82910.26
1830,1093,5,3,26857.49,80572.47
1831,1094,172,5,67580.44,337902.2
1832,1094,2,5,8625.53,43127.65
1833,1094,42,1,13118.25,13118.25
1834,1095,31,2,11541.75,23083.5
1835,1096,118,3,157905.18,473715.54
1836,1096,162,3,15279.66,45838.98
1837,1097,125,1,112921.84,112921.84
1838,1098,156,4,58925.34,235701.36
1839,1098,55,4,77204.89,308819.56
1840,1099,95,4,33356.44,133425.76
1841,1099,126,3,34889.65,104668.95
1842,1100,49,2,53442.77,106885.54
1843,1100,155,5,28515.51,142577.55
1844,1100,19,1,71103.81,71103.81
1845,1101,164,4,137790.79,551163.16
1846,1102,29,4,42771.43,171085.72
1847,1103,148,3,139763.5,419290.5
1848,1104,165,2,122620.83,245241.66
1849,1105,73,1,40202.34,40202.34
1850,1106,61,1,105481.89,105481.89
1851,1107,56,4,99569.48,398277.92
1852,1107,85,5,62445.01,312225.05
1853,1107,14,4,50390.14,201560.56
1854,1108,48,4,92541.59,370166.36
1855,1108,100,5,105427.2,527136.0
1856,1108,18,3,155415.22,466245.66
1857,1109,87,3,85468.6,256405.8
1858,1109,43,2,17179.73,34359.46
1859,1110,128,1,108911.5,108911.5
1860,1110,80,1,40041.88,40041.88
1861,1111,94,3,70101.38,210304.14
1862,1112,17,4,67073.37,268293.48
1863,1113,153,3,143253.68,429761.04
1864,1113,158,5,112290.32,561451.6
1865,1114,92,4,151769.5,607078.0
1866,1114,110,5,94443.02,472215.1
1867,1115,146,5,41116.97,205584.85
1868,1116,15,1,59386.55,59386.55
1869,1117,152,3,9653.01,28959.03
1870,1118,90,4,106424.18,425696.72
1871,1119,94,5,59586.17,297930.85
1872,1120,38,2,32437.07,64874.14
1873,1121,23,4,137964.41,551857.64
1874,1122,104,2,148552.57,297105.14
1875,1123,93,3,11608.16,34824.48
1876,1123,104,1,96559.17,96559.17
1877,1124,3,4,129735.47,518941.88
1878,1125,11,1,50255.07,50255.07
1879,1126,168,3,62098.98,186296.94
1880,1127,57,1,10403.71,10403.71
1881,1128,97,4,113657.63,454630.52
1882,1128,131,2,107471.45,214942.9
1883,1128,166,3,62894.96,188684.88
1884,1129,180,5,115466.49,577332.45
1885,1130,27,1,157420.65,157420.65
1886,1131,164,4,162106.81,648427.24
1887,1132,154,1,156936.96,156936.96
1888,1133,26,2,90059.25,180118.5
1889,1133,125,5,73399.2,366996.0
1890,1134,121,4,59140.18,236560.72
1891,1135,129,1,85914.21,85914.21
1892,1136,169,2,150412.49,300824.98
1893,1137,37,5,146019.94,730099.7
1894,1138,45,5,77202.81,386014.05
1895,1139,4,5,141269.19,706345.95
1896,1140,84,2,113934.47,227868.94
1897,1141,92,5,151769.5,758847.5
1898,1141,156,5,62925.34,314626.7
1899,1142,1,3,46345.86,139037.58
1900,1143,142,3,100211.88,300635.64
1901,1144,30,2,2990.95,5981.9
1902,1145,27,1,157420.65,157420.65
1903,1146,89,3,55854.44,167563.32
1904,1146,171,2,162902.46,325804.92
1905,1146,8,3,159724.96,479174.88
1906,1147,114,5,83312.91,416564.55
1907,1147,38,5,32437.07,162185.35
1908,1147,43,2,17179.73,34359.46
1909,1148,2,1,8625.53,8625.53
1910,1148,112,3,19470.44,58411.32
1911,1148,75,4,53230.19,212920.76
1912,1149,11,4,50255.07,201020.28
1913,1149,154,5,156936.96,784684.8
1914,1150,33,5,36702.55,183512.75
1915,1151,19,1,60438.24,60438.24
1916,1152,27,3,157420.65,472261.95
1917,1152,160,2,125838.21,251676.42
1918,1152,74,3,81262.28,243786.84
1919,1153,86,2,125829.12,251658.24
1920,1154,131,3,143295.26,429885.78
1921,1154,25,3,45634.27,136902.81
1922,1155,105,4,80081.22,320324.88
1923,1156,161,2,55477.5,110955.0
1924,1157,45,5,71202.81,356014.05
1925,1157,22,5,86859.66,434298.3
1926,1158,58,2,123725.8,247451.6
1927,1158,6,3,66539.35,199618.05
1928,1158,99,4,110482.81,441931.24
1929,1159,144,2,4607.32,9214.64
1930,1159,165,4,144760.7,579042.8
1931,1159,7,5,83225.51,416127.55
1932,1160,30,2,3418.22,6836.44
1933,1160,171,1,130321.97,130321.97
1934,1161,170,5,41763.8,208819.0
1935,1162,114,2,83312.91,166625.82
1936,1162,65,4,73743.07,294972.28
1937,1163,4,3,146269.19,438807.57
1938,1163,82,5,160887.59,804437.95
1939,1164,89,4,44683.55,178734.2
1940,1165,152,3,8794.97,26384.91
1941,1165,147,1,23453.34,23453.34
1942,1166,72,5,122097.43,610487.15
1943,1166,48,1,69406.19,69406.19
1944,1167,155,5,22515.51,112577.55
1945,1167,111,1,131195.14,131195.14
1946,1168,92,5,151769.5,758847.5
1947,1168,40,5,126296.7,631483.5
1948,1169,110,4,94443.02,377772.08
1949,1169,4,1,146269.19,146269.19
1950,1170,100,4,105427.2,421708.8
1951,1170,85,4,62445.01,249780.04
1952,1171,116,3,88703.15,266109.45
1953,1172,12,1,42331.53,42331.53
1954,1173,37,4,146019.94,584079.76
1955,1174,58,4,123725.8,494903.2
1956,1175,18,5,155415.22,777076.1
1957,1175,77,5,153403.57,767017.85
1958,1176,92,2,98650.18,197300.36
1959,1177,132,2,55873.7,111747.4
1960,1177,72,4,105817.78,423271.12
1961,1178,158,5,98815.48,494077.4
1962,1178,42,4,11544.06,46176.24
1963,1179,78,4,60319.56,241278.24
1964,1180,128,3,128131.18,384393.54
1965,1180,47,1,167436.24,167436.24
1966,1181,173,2,34088.29,68176.58
1967,1181,48,2,92541.59,185083.18
1968,1182,45,5,77202.81,386014.05
1969,1182,55,1,81204.89,81204.89
1970,1182,78,1,70964.19,70964.19
1971,1183,117,2,55435.62,110871.24
1972,1184,85,3,62445.01,187335.03
1973,1185,102,5,139729.12,698645.6
1974,1186,137,3,75277.61,225832.83
1975,1187,73,5,40202.34,201011.7
1976,1188,99,5,110482.81,552414.05
1977,1188,45,4,77202.81,308811.24
1978,1188,128,1,128131.18,128131.18
1979,1189,43,3,17179.73,51539.19
1980,1190,62,2,154971.01,309942.02
1981,1191,37,5,105134.36,525671.8
1982,1192,173,3,34088.29,102264.87
1983,1192,154,3,156936.96,470810.88
1984,1193,57,1,10403.71,10403.71
1985,1194,138,2,125780.24,251560.48
1986,1195,58,3,123725.8,371177.4
1987,1195,12,1,46331.53,46331.53
1988,1196,36,4,70043.91,280175.64
1989,1196,155,2,24238.18,48476.36
1990,1196,112,5,16549.87,82749.35
1991,1197,114,1,83312.91,83312.91
1992,1197,41,4,55517.29,222069.16
1993,1198,41,5,55517.29,277586.45
1994,1199,34,1,155899.1,155899.1
1995,1200,105,4,80081.22,320324.88
1996,1201,46,3,129765.95,389297.85
1997,1201,31,2,15541.75,31083.5
1998,1202,104,5,142552.57,712762.85
1999,1202,98,2,96822.62,193645.24
2000,1203,2,4,8625.53,34502.12
2001,1204,33,3,36702.55,110107.65
2002,1205,56,2,89612.53,179225.06
2003,1205,32,5,117930.06,589650.3
2004,1206,12,3,33358.7,100076.1
2005,1207,92,2,151769.5,303539.0
2006,1207,2,2,8625.53,17251.06
2007,1208,25,5,45634.27,228171.35
2008,1209,148,2,139763.5,279527.0
2009,1210,55,5,81204.89,406024.45
2010,1210,96,2,118075.5,236151.0
2011,1211,125,1,112921.84,112921.84
2012,1212,1,1,46345.86,46345.86
2013,1212,15,2,91363.93,182727.86
2014,1213,166,4,83859.94,335439.76
2015,1213,88,1,6457.16,6457.16
2016,1214,48,3,92541.59,277624.77
2017,1215,174,3,164687.19,494061.57
2018,1216,17,3,67073.37,201220.11
2019,1216,132,3,85959.54,257878.62
2020,1217,80,5,42397.29,211986.45
2021,1217,1,5,41711.27,208556.35
2022,1217,116,2,79832.83,159665.66
2023,1218,74,3,81262.28,243786.84
2024,1219,56,2,84634.06,169268.12
2025,1219,35,1,112109.74,112109.74
2026,1220,167,4,59926.26,239705.04
2027,1220,161,5,58944.84,294724.2
2028,1220,120,1,68818.53,68818.53
2029,1221,97,3,151543.51,454630.53
2030,1222,74,2,81262.28,162524.56
2031,1223,31,5,13676.74,68383.7
2032,1224,91,2,80142.97,160285.94
2033,1225,180,1,115466.49,115466.49
2034,1225,27,4,157420.65,629682.6
2035,1226,110,1,94443.02,94443.02
2036,1226,108,3,111028.71,333086.13
2037,1226,88,2,6457.16,12914.32
2038,1227,166,1,83859.94,83859.94
2039,1227,108,2,111028.71,222057.42
2040,1228,148,2,139763.5,279527.0
2041,1229,180,3,75053.22,225159.66
2042,1229,166,4,54508.96,218035.84
2043,1230,105,1,65666.6,65666.6
2044,1230,170,5,34246.32,171231.6
2045,1231,34,2,127837.26,255674.52
2046,1232,30,4,4272.78,17091.12
2047,1233,141,4,96225.27,384901.08
2048,1234,162,4,16977.4,67909.6
2049,1235,53,2,42448.46,84896.92
2050,1235,86,2,120829.12,241658.24
2051,1236,176,4,155244.89,620979.56
2052,1237,92,5,151769.5,758847.5
2053,1238,36,4,74164.14,296656.56
2054,1239,133,5,90401.75,452008.75
2055,1239,73,3,40202.34,120607.02
2056,1240,128,1,128131.18,128131.18
2057,1241,39,5,45550.86,227754.3
2058,1242,6,1,66539.35,66539.35
2059,1243,63,4,148234.94,592939.76
2060,1244,63,5,148234.94,741174.7
2061,1244,146,5,51396.21,256981.05
2062,1245,39,1,70078.24,70078.24
2063,1245,63,2,148234.94,296469.88
2064,1245,180,2,115466.49,230932.98
2065,1246,89,5,55854.44,279272.2
2066,1247,129,4,107392.76,429571.04
2067,1247,98,5,102822.62,514113.1
2068,1248,123,5,138306.49,691532.45
2069,1249,27,5,133807.55,669037.75
2070,1249,126,2,42366.01,84732.02
2071,1250,128,3,115318.06,345954.18
2072,1250,106,5,126100.39,630501.95
2073,1251,88,2,6457.16,12914.32
2074,1252,36,1,70043.91,70043.91
2075,1252,11,3,42716.81,128150.43
2076,1252,25,1,38789.13,38789.13
2077,1253,91,4,56100.08,224400.32
2078,1253,42,4,9182.77,36731.08
2079,1254,111,4,137195.14,548780.56
2080,1255,57,2,10403.71,20807.42
2081,1255,95,4,47652.06,190608.24
2082,1255,17,2,67073.37,134146.74
2083,1256,81,2,177856.96,355713.92
2084,1256,89,4,55854.44,223417.76
2085,1256,57,3,10403.71,31211.13
2086,1257,81,5,177856.96,889284.8
2087,1257,99,4,110482.81,441931.24
2088,1258,67,5,64186.62,320933.1
2089,1258,136,3,179459.35,538378.05
2090,1258,113,5,68316.62,341583.1
2091,1259,43,3,13743.78,41231.34
2092,1260,148,3,100629.72,301889.16
2093,1260,74,1,58508.84,58508.84
2094,1261,105,2,80081.22,160162.44
2095,1262,106,5,140111.54,700557.7
2096,1263,146,4,41116.97,164467.88
2097,1264,137,3,75277.61,225832.83
2098,1265,37,4,146019.94,584079.76
2099,1265,173,2,34088.29,68176.58
2100,1265,14,4,50390.14,201560.56
2101,1266,127,2,75307.61,150615.22
2102,1266,46,3,129765.95,389297.85
2103,1266,153,1,143253.68,143253.68
2104,1267,150,3,98328.76,294986.28
2105,1267,56,3,99569.48,298708.44
2106,1268,19,1,71103.81,71103.81
2107,1268,34,3,155899.1,467697.3
2108,1268,148,4,139763.5,559054.0
2109,1269,169,2,150412.49,300824.98
2110,1269,96,2,118075.5,236151.0
2111,1269,2,2,8625.53,17251.06
2112,1270,127,4,71307.61,285230.44
2113,1271,177,1,3933.79,3933.79
2114,1271,180,3,83135.87,249407.61
2115,1272,127,2,75307.61,150615.22
2116,1272,146,3,51396.21,154188.63
2117,1272,119,1,136244.22,136244.22
2118,1273,75,1,53230.19,53230.19
2119,1273,179,4,112659.8,450639.2
2120,1273,168,1,73057.62,73057.62
2121,1274,167,5,64501.48,322507.4
2122,1275,24,4,89483.21,357932.84
2123,1275,75,5,53230.19,266150.95
2124,1276,37,2,146019.94,292039.88
2125,1276,63,4,148234.94,592939.76
2126,1277,40,1,126296.7,126296.7
2127,1277,178,5,148567.86,742839.3
2128,1278,70,1,130396.5,130396.5
2129,1278,82,4,160887.59,643550.36
2130,1279,114,1,83312.91,83312.91
2131,1280,105,2,76081.22,152162.44
2132,1281,134,2,71407.25,142814.5
2133,1281,110,1,61387.96,61387.96
2134,1282,36,2,82404.6,164809.2
2135,1283,13,5,152184.79,760923.95
2136,1284,69,2,15385.36,30770.72
2137,1285,65,5,73743.07,368715.35
2138,1286,55,4,81204.89,324819.56
2139,1287,173,4,34088.29,136353.16
2140,1287,148,1,139763.5,139763.5
2141,1288,131,5,137295.26,686476.3
2142,1288,43,5,11179.73,55898.65
2143,1288,177,4,1639.08,6556.32
2144,1289,164,1,162106.81,162106.81
2145,1290,98,3,102822.62,308467.86
2146,1290,3,3,129735.47,389206.41
2147,1291,74,5,81262.28,406311.4
2148,1291,112,2,19470.44,38940.88
2149,1292,95,4,47652.06,190608.24
2150,1293,14,1,50390.14,50390.14
2151,1294,38,3,32437.07,97311.21
2152,1294,67,1,64186.62,64186.62
2153,1294,160,5,125838.21,629191.05
2154,1295,96,1,112075.5,112075.5
2155,1295,13,1,146184.79,146184.79
2156,1295,168,1,67057.62,67057.62
2157,1296,75,4,53230.19,212920.76
2158,1296,101,3,38104.37,114313.11
2159,1296,29,5,42771.43,213857.15
2160,1297,165,5,170306.71,851533.55
2161,1297,16,1,46653.07,46653.07
2162,1298,135,5,89246.36,446231.8
2163,1299,10,3,83253.62,249760.86
2164,1299,74,1,81262.28,81262.28
2165,1300,16,3,46653.07,139959.21
2166,1301,90,4,133030.23,532120.92
2167,1302,131,3,143295.26,429885.78
2168,1303,55,3,81204.89,243614.67
2169,1304,163,1,28331.84,28331.84
2170,1305,166,2,83859.94,167719.88
2171,1306,118,3,175450.2,526350.6
2172,1307,13,2,152184.79,304369.58
2173,1308,164,1,162106.81,162106.81
2174,1309,104,5,148552.57,742762.85
2175,1310,98,1,102822.62,102822.62
2176,1310,73,4,40202.34,160809.36
2177,1310,115,4,134489.95,537959.8
2178,1311,10,5,83253.62,416268.1
2179,1311,24,1,89483.21,89483.21
2180,1312,119,1,136244.22,136244.22
2181,1313,156,5,62925.34,314626.7
2182,1314,166,4,83859.94,335439.76
2183,1314,53,1,47448.46,47448.46
2184,1315,28,3,73621.64,220864.92
2185,1316,100,5,105427.2,527136.0
2186,1316,109,4,40545.21,162180.84
2187,1317,146,5,51396.21,256981.05
2188,1318,99,4,105482.81,421931.24
2189,1319,134,2,105857.31,211714.62
2190,1320,41,1,55517.29,55517.29
2191,1320,106,4,140111.54,560446.16
2192,1321,83,5,124387.68,621938.4
2193,1321,8,2,127779.97,255559.94
2194,1321,86,3,100663.3,301989.9
2195,1322,92,5,151769.5,758847.5
2196,1323,90,4,133030.23,532120.92
2197,1324,39,5,61668.85,308344.25
2198,1325,94,2,70101.38,140202.76
2199,1326,149,5,131511.02,657555.1
2200,1326,168,2,73057.62,146115.24
2201,1326,152,3,10725.57,32176.71
2202,1327,103,2,51564.06,103128.12
2203,1328,180,4,115466.49,461865.96
2204,1329,12,1,46331.53,46331.53
2205,1330,139,4,58669.54,234678.16
2206,1330,69,4,15385.36,61541.44
2207,1331,155,1,28515.51,28515.51
2208,1331,54,2,3627.59,7255.18
2209,1332,132,3,85959.54,257878.62
2210,1333,119,2,98095.84,196191.68
2211,1334,99,4,110482.81,441931.24
2212,1335,166,3,83859.94,251579.82
2213,1335,57,3,10403.71,31211.13
2214,1336,95,1,42652.06,42652.06
2215,1337,33,5,36702.55,183512.75
2216,1338,77,4,153403.57,613614.28
2217,1339,62,1,154971.01,154971.01
2218,1340,120,1,80962.98,80962.98
2219,1340,49,5,53442.77,267213.85
2220,1341,121,4,73925.22,295700.88
2221,1341,33,2,36702.55,73405.1
2222,1341,3,5,129735.47,648677.35
2223,1342,43,4,17179.73,68718.92
2224,1342,124,4,82741.06,330964.24
2225,1342,122,1,146572.15,146572.15
2226,1343,129,3,91283.85,273851.55
2227,1344,33,4,26425.84,105703.36
2228,1345,100,1,105427.2,105427.2
2229,1345,51,5,23430.87,117154.35
2230,1346,114,1,83312.91,83312.91
2231,1347,13,2,114138.59,228277.18
2232,1348,72,2,117213.54,234427.08
2233,1348,37,3,105134.36,315403.08
2234,1349,126,1,49842.36,49842.36
2235,1349,56,3,99569.48,298708.44
2236,1350,124,4,78741.06,314964.24
2237,1350,178,4,144567.86,578271.44
2238,1351,159,4,18997.14,75988.56
2239,1352,174,4,164687.19,658748.76
2240,1352,149,1,131511.02,131511.02
2241,1352,150,4,98328.76,393315.04
2242,1353,157,4,50588.4,202353.6
2243,1354,103,4,64455.07,257820.28
2244,1355,105,1,80081.22,80081.22
2245,1355,76,5,42761.4,213807.0
2246,1356,175,5,125648.21,628241.05
2247,1356,97,2,121234.81,242469.62
2248,1357,69,1,15385.36,15385.36
2249,1358,94,2,70101.38,140202.76
2250,1359,73,2,26131.52,52263.04
2251,1360,98,2,102822.62,205645.24
2252,1360,175,4,157060.26,628241.04
2253,1360,94,5,70101.38,350506.9
2254,1361,178,2,148567.86,297135.72
2255,1362,23,5,137964.41,689822.05
2256,1363,67,2,64186.62,128373.24
2257,1364,4,3,146269.19,438807.57
2258,1364,118,3,175450.2,526350.6
2259,1364,6,4,66539.35,266157.4
2260,1365,108,1,111028.71,111028.71
2261,1365,13,3,152184.79,456554.37
2262,1366,164,5,162106.81,810534.05
2263,1367,85,1,62445.01,62445.01
2264,1368,25,1,45634.27,45634.27
2265,1368,12,4,46331.53,185326.12
2266,1369,39,1,70078.24,70078.24
2267,1369,108,1,111028.71,111028.71
2268,1370,35,3,131893.81,395681.43
2269,1370,103,5,64455.07,322275.35
2270,1371,54,3,3083.45,9250.35
2271,1371,172,4,57443.37,229773.48
2272,1372,154,2,156936.96,313873.92
2273,1372,117,2,55435.62,110871.24
2274,1372,143,3,175246.99,525740.97
2275,1373,129,2,107392.76,214785.52
2276,1374,23,5,137964.41,689822.05
2277,1375,73,5,36182.11,180910.55
2278,1376,146,1,35977.35,35977.35
2279,1377,99,5,110482.81,552414.05
2280,1377,63,4,148234.94,592939.76
2281,1378,100,2,105427.2,210854.4
2282,1378,73,2,40202.34,80404.68
2283,1378,174,1,164687.19,164687.19
2284,1379,24,2,89483.21,178966.42
2285,1379,127,4,75307.61,301230.44
2286,1379,178,4,148567.86,594271.44
2287,1380,133,2,74129.44,148258.88
2288,1381,138,3,125780.24,377340.72
2289,1382,152,2,6971.62,13943.24
2290,1383,128,3,123131.18,369393.54
2291,1383,172,1,62580.44,62580.44
2292,1383,33,1,31702.55,31702.55
2293,1384,177,2,5463.6,10927.2
2294,1384,173,1,34088.29,34088.29
2295,1385,171,1,162902.46,162902.46
2296,1385,13,3,152184.79,456554.37
2297,1386,97,3,151543.51,454630.53
2298,1386,5,1,30519.87,30519.87
2299,1387,144,3,5420.38,16261.14
2300,1387,87,2,85468.6,170937.2
2301,1388,127,4,75307.61,301230.44
2302,1388,30,2,4272.78,8545.56
2303,1389,166,2,83859.94,167719.88
2304,1389,179,2,112659.8,225319.6
2305,1390,108,2,111028.71,222057.42
2306,1391,52,1,40281.45,40281.45
2307,1392,15,1,91363.93,91363.93
2308,1393,151,5,156919.5,784597.5
2309,1393,14,5,50390.14,251950.7
2310,1394,17,4,57012.36,228049.44
2311,1394,142,5,85180.1,425900.5
2312,1395,1,3,40784.36,122353.08
2313,1396,137,5,75277.61,376388.05
2314,1396,12,2,46331.53,92663.06
2315,1396,45,3,77202.81,231608.43
2316,1397,72,3,162796.58,488389.74
2317,1397,17,5,67073.37,335366.85
2318,1398,154,1,102009.02,102009.02
2319,1398,47,5,108833.56,544167.8
2320,1398,160,2,81794.84,163589.68
2321,1399,68,2,48085.88,96171.76
2322,1400,107,1,150039.39,150039.39
2323,1400,109,2,40545.21,81090.42
2324,1401,101,5,38104.37,190521.85
2325,1401,44,1,169662.51,169662.51
2326,1402,22,2,87859.66,175719.32
2327,1402,36,4,77404.6,309618.4
2328,1403,90,3,106424.18,319272.54
2329,1403,147,4,22881.3,91525.2
2330,1404,66,3,24224.55,72673.65
2331,1404,118,2,122815.14,245630.28
2332,1404,1,1,32442.1,32442.1
2333,1405,23,5,124167.97,620839.85
2334,1405,10,2,74928.26,149856.52
2335,1405,90,2,119727.21,239454.42
2336,1406,157,4,70261.66,281046.64
2337,1407,52,5,40281.45,201407.25
2338,1408,129,3,107392.76,322178.28
2339,1409,25,1,34225.7,34225.7
2340,1409,143,3,131435.24,394305.72
2341,1409,150,2,73746.57,147493.14
2342,1410,156,4,62925.34,251701.36
2343,1410,60,4,34746.84,138987.36
2344,1411,92,1,151769.5,151769.5
2345,1411,166,1,83859.94,83859.94
2346,1412,125,4,112921.84,451687.36
2347,1413,26,5,138552.69,692763.45
2348,1414,102,2,139729.12,279458.24
2349,1415,139,4,58669.54,234678.16
2350,1415,56,2,99569.48,199138.96
2351,1416,135,3,104995.72,314987.16
2352,1417,168,4,73057.62,292230.48
2353,1418,164,4,121580.11,486320.44
2354,1418,42,2,9838.69,19677.38
2355,1418,118,5,131587.65,657938.25
2356,1419,109,4,40545.21,162180.84
2357,1420,132,5,60171.68,300858.4
2358,1421,180,2,115466.49,230932.98
2359,1422,102,1,139729.12,139729.12
2360,1423,84,5,113934.47,569672.35
2361,1423,44,5,169662.51,848312.55
2362,1423,48,5,92541.59,462707.95
2363,1424,1,5,46345.86,231729.3
2364,1424,119,5,136244.22,681221.1
2365,1424,75,2,53230.19,106460.38
2366,1425,145,1,117644.61,117644.61
2367,1425,138,2,125780.24,251560.48
2368,1426,160,4,125838.21,503352.84
2369,1427,39,4,64078.24,256312.96
2370,1428,155,4,23515.51,94062.04
2371,1429,7,5,97912.37,489561.85
2372,1430,143,5,140197.59,700987.95
2373,1430,95,1,38121.65,38121.65
2374,1431,19,3,71103.81,213311.43
2375,1432,113,1,68316.62,68316.62
2376,1433,100,5,99427.2,497136.0
2377,1433,85,5,56445.01,282225.05
2378,1433,124,2,76741.06,153482.12
2379,1434,36,3,82404.6,247213.8
2380,1434,152,4,10725.57,42902.28
2381,1435,24,5,89483.21,447416.05
2382,1436,21,1,16744.73,16744.73
2383,1436,166,3,77859.94,233579.82
2384,1437,11,3,50255.07,150765.21
2385,1437,15,1,91363.93,91363.93
2386,1438,155,2,28515.51,57031.02
2387,1439,153,2,143253.68,286507.36
2388,1440,115,4,134489.95,537959.8
2389,1440,144,3,5420.38,16261.14
2390,1441,13,2,146184.79,292369.58
2391,1441,161,1,63346.87,63346.87
2392,1442,151,1,138089.16,138089.16
2393,1442,51,1,20619.17,20619.17
2394,1443,39,3,70078.24,210234.72
2395,1444,17,5,60366.03,301830.15
2396,1444,165,4,153276.04,613104.16
2397,1445,10,3,83253.62,249760.86
2398,1445,127,2,75307.61,150615.22
2399,1446,6,5,66539.35,332696.75
2400,1446,103,3,64455.07,193365.21
2401,1447,47,2,167436.24,334872.48
2402,1448,49,4,53442.77,213771.08
2403,1449,31,5,15541.75,77708.75
2404,1449,163,1,28331.84,28331.84
2405,1450,11,1,50255.07,50255.07
2406,1451,128,2,128131.18,256262.36
2407,1451,164,1,162106.81,162106.81
2408,1452,67,4,44930.63,179722.52
2409,1452,45,2,54041.97,108083.94
2410,1452,99,3,77337.97,232013.91
2411,1453,147,3,23601.63,70804.89
2412,1453,116,2,83703.15,167406.3
2413,1454,163,3,28331.84,84995.52
2414,1455,179,1,112659.8,112659.8
2415,1455,84,3,113934.47,341803.41
2416,1455,127,3,75307.61,225922.83
2417,1456,170,5,41763.8,208819.0
2418,1457,105,4,80081.22,320324.88
2419,1458,98,5,102822.62,514113.1
2420,1459,54,3,3627.59,10882.77
2421,1459,93,3,17858.7,53576.1
2422,1459,166,3,83859.94,251579.82
2423,1460,85,1,43711.51,43711.51
2424,1461,168,4,47487.45,189949.8
2425,1462,138,3,125780.24,377340.72
2426,1462,170,5,41763.8,208819.0
2427,1462,108,2,111028.71,222057.42
2428,1463,69,2,15385.36,30770.72
2429,1463,130,3,117631.35,352894.05
2430,1464,59,3,25802.55,77407.65
2431,1464,170,5,35499.23,177496.15
2432,1465,162,4,16977.4,67909.6
2433,1465,41,2,55517.29,111034.58
2434,1465,107,4,150039.39,600157.56
2435,1466,77,2,153403.57,306807.14
2436,1466,133,2,90401.75,180803.5
2437,1466,81,1,177856.96,177856.96
2438,1467,118,5,175450.2,877251.0
2439,1467,122,4,146572.15,586288.6
2440,1467,94,1,70101.38,70101.38
2441,1468,156,2,62925.34,125850.68
2442,1468,75,4,53230.19,212920.76
2443,1468,63,5,148234.94,741174.7
2444,1469,169,3,146412.49,439237.47
2445,1469,167,3,66501.48,199504.44
2446,1470,111,5,109756.11,548780.55
2447,1471,138,3,125780.24,377340.72
2448,1471,9,1,139833.1,139833.1
2449,1472,79,1,41734.88,41734.88
2450,1472,82,3,160887.59,482662.77
2451,1473,9,5,139833.1,699165.5
2452,1473,153,3,143253.68,429761.04
2453,1473,45,4,77202.81,308811.24
2454,1474,3,1,129735.47,129735.47
2455,1475,72,2,157796.58,315593.16
2456,1476,155,1,28515.51,28515.51
2457,1476,51,4,23430.87,93723.48
2458,1476,146,4,51396.21,205584.84
2459,1477,126,2,49842.36,99684.72
2460,1478,152,3,10725.57,32176.71
2461,1478,81,3,177856.96,533570.88
2462,1479,176,2,149244.89,298489.78
2463,1479,2,5,2625.53,13127.65
2464,1480,17,3,67073.37,201220.11
2465,1480,108,5,111028.71,555143.55
2466,1480,36,3,82404.6,247213.8
2467,1481,10,2,83253.62,166507.24
2468,1482,163,3,28331.84,84995.52
2469,1482,2,3,8625.53,25876.59
2470,1483,48,5,60152.03,300760.15
2471,1484,54,3,2902.07,8706.21
2472,1485,17,2,57012.36,114024.72
2473,1486,153,2,143253.68,286507.36
2474,1486,68,2,48085.88,96171.76
2475,1486,176,4,155244.89,620979.56
2476,1487,85,1,62445.01,62445.01
2477,1487,49,1,53442.77,53442.77
2478,1488,62,3,154971.01,464913.03
2479,1489,71,4,126405.89,505623.56
2480,1489,43,3,17179.73,51539.19
2481,1490,118,3,175450.2,526350.6
2482,1491,112,4,19470.44,77881.76
2483,1492,171,1,158902.46,158902.46
2484,1492,89,5,51854.44,259272.2
2485,1492,29,3,38771.43,116314.29
2486,1493,136,2,125621.54,251243.08
2487,1494,174,3,164687.19,494061.57
2488,1494,90,3,133030.23,399090.69
2489,1495,21,3,22744.73,68234.19
2490,1496,111,5,137195.14,685975.7
2491,1496,11,1,50255.07,50255.07
2492,1497,83,1,155484.6,155484.6
2493,1497,25,4,45634.27,182537.08
2494,1498,78,3,62448.49,187345.47
2495,1498,89,3,49151.91,147455.73
2496,1499,57,4,7802.78,31211.12
2497,1499,177,1,4097.7,4097.7
2498,1500,107,2,150039.39,300078.78
2499,1500,35,5,131893.81,659469.05
2500,1500,122,1,146572.15,146572.15
2501,1501,52,2,28197.01,56394.02
2502,1502,99,1,110482.81,110482.81
2503,1503,36,3,82404.6,247213.8
2504,1503,23,4,137964.41,551857.64
2505,1503,171,3,162902.46,488707.38
2506,1504,43,1,15461.76,15461.76
2507,1504,109,2,36490.69,72981.38
2508,1504,66,4,31145.85,124583.4
2509,1505,66,5,34606.5,173032.5
2510,1506,168,4,73057.62,292230.48
2511,1507,4,5,146269.19,731345.95
2512,1508,16,5,46653.07,233265.35
2513,1508,109,2,40545.21,81090.42
2514,1509,111,2,137195.14,274390.28
2515,1510,61,5,146502.63,732513.15
2516,1511,19,4,71103.81,284415.24
2517,1511,112,1,19470.44,19470.44
2518,1512,9,3,139833.1,419499.3
2519,1513,152,2,10725.57,21451.14
2520,1513,139,2,58669.54,117339.08
2521,1514,108,1,111028.71,111028.71
2522,1514,113,2,68316.62,136633.24
2523,1514,59,2,30355.94,60711.88
2524,1515,59,5,30355.94,151779.7
2525,1516,136,5,179459.35,897296.75
2526,1516,10,3,83253.62,249760.86
2527,1516,79,1,41734.88,41734.88
2528,1517,167,1,65501.48,65501.48
2529,1517,39,2,65078.24,130156.48
2530,1518,63,4,143234.94,572939.76
2531,1519,12,2,46331.53,92663.06
2532,1520,61,2,146502.63,293005.26
2533,1520,28,3,73621.64,220864.92
2534,1521,93,3,11858.7,35576.1
2535,1522,120,2,80962.98,161925.96
2536,1523,17,3,67073.37,201220.11
2537,1523,29,3,42771.43,128314.29
2538,1524,74,3,81262.28,243786.84
2539,1524,161,2,69346.87,138693.74
2540,1525,134,3,109857.31,329571.93
2541,1525,52,2,40281.45,80562.9
2542,1525,166,4,83859.94,335439.76
2543,1526,96,1,118075.5,118075.5
2544,1526,58,2,123725.8,247451.6
2545,1526,22,5,92859.66,464298.3
2546,1527,31,1,15541.75,15541.75
2547,1528,105,2,80081.22,160162.44
2548,1529,30,4,4272.78,17091.12
2549,1529,173,5,34088.29,170441.45
2550,1530,87,1,85468.6,85468.6
2551,1531,55,1,73084.4,73084.4
2552,1531,42,4,11806.43,47225.72
2553,1531,131,2,128965.73,257931.46
2554,1532,22,5,69644.74,348223.7
2555,1532,14,4,37792.6,151170.4
2556,1533,159,2,18997.14,37994.28
2557,1534,152,5,10725.57,53627.85
2558,1535,146,1,51396.21,51396.21
2559,1536,114,4,83312.91,333251.64
2560,1536,56,4,99569.48,398277.92
2561,1537,30,3,4272.78,12818.34
2562,1537,7,2,97912.37,195824.74
2563,1538,175,4,157060.26,628241.04
2564,1538,116,1,88703.15,88703.15
2565,1539,75,3,53230.19,159690.57
2566,1540,159,2,15577.65,31155.3
2567,1540,21,1,18650.68,18650.68
2568,1540,96,3,96821.91,290465.73
2569,1541,14,1,50390.14,50390.14
2570,1542,46,2,129765.95,259531.9
2571,1542,2,4,8625.53,34502.12
2572,1543,134,5,109857.31,549286.55
2573,1543,63,4,148234.94,592939.76
2574,1544,9,3,133833.1,401499.3
2575,1544,55,3,75204.89,225614.67
2576,1545,44,5,169662.51,848312.55
2577,1545,153,4,143253.68,573014.72
2578,1545,81,4,177856.96,711427.84
2579,1546,13,1,129357.07,129357.07
2580,1546,61,3,124527.24,373581.72
2581,1547,53,3,47448.46,142345.38
2582,1548,177,4,5463.6,21854.4
2583,1549,77,1,153403.57,153403.57
2584,1549,161,5,69346.87,346734.35
2585,1550,38,4,32437.07,129748.28
2586,1550,62,5,154971.01,774855.05
2587,1551,12,2,46331.53,92663.06
2588,1551,20,5,123410.16,617050.8
2589,1552,115,1,100867.46,100867.46
2590,1552,45,1,57902.11,57902.11
2591,1553,81,2,177856.96,355713.92
2592,1553,26,3,138552.69,415658.07
2593,1553,63,4,148234.94,592939.76
2594,1554,140,3,115405.89,346217.67
2595,1555,1,1,46345.86,46345.86
2596,1556,169,5,150412.49,752062.45
2597,1557,61,2,124527.24,249054.48
2598,1558,141,2,113206.2,226412.4
2599,1559,20,4,123410.16,493640.64
2600,1559,173,5,34088.29,170441.45
2601,1560,164,4,162106.81,648427.24
2602,1561,3,2,129735.47,259470.94
2603,1562,174,1,164687.19,164687.19
2604,1562,171,4,162902.46,651609.84
2605,1563,98,4,102822.62,411290.48
2606,1563,154,5,156936.96,784684.8
2607,1563,4,5,146269.19,731345.95
2608,1564,166,4,83859.94,335439.76
2609,1564,125,4,112921.84,451687.36
2610,1565,11,1,50255.07,50255.07
2611,1566,21,3,20470.26,61410.78
2612,1567,26,4,138552.69,554210.76
2613,1567,13,1,152184.79,152184.79
2614,1568,112,2,19470.44,38940.88
2615,1569,94,1,70101.38,70101.38
2616,1570,172,5,67580.44,337902.2
2617,1570,137,3,75277.61,225832.83
2618,1571,56,4,99569.48,398277.92
2619,1572,96,1,106267.95,106267.95
2620,1573,150,5,98328.76,491643.8
2621,1573,21,3,22744.73,68234.19
2622,1574,78,3,70964.19,212892.57
2623,1574,93,3,17858.7,53576.1
2624,1575,121,2,73925.22,147850.44
2625,1576,89,4,55854.44,223417.76
2626,1576,87,1,85468.6,85468.6
2627,1577,117,4,47120.28,188481.12
2628,1577,110,1,80276.57,80276.57
2629,1578,115,1,107591.96,107591.96
2630,1579,173,5,28975.05,144875.25
2631,1579,129,4,91283.85,365135.4
2632,1580,109,5,40545.21,202726.05
2633,1580,62,3,154971.01,464913.03
2634,1581,35,4,131893.81,527575.24
2635,1582,98,5,102822.62,514113.1
2636,1582,113,2,68316.62,136633.24
2637,1583,96,2,118075.5,236151.0
2638,1583,94,4,70101.38,280405.52
2639,1583,127,1,75307.61,75307.61
2640,1584,135,4,104995.72,419982.88
2641,1585,12,2,46331.53,92663.06
2642,1585,43,2,17179.73,34359.46
2643,1586,74,4,81262.28,325049.12
2644,1586,171,1,162902.46,162902.46
2645,1587,101,4,38104.37,152417.48
2646,1588,109,2,40545.21,81090.42
2647,1589,1,1,46345.86,46345.86
2648,1589,76,1,42761.4,42761.4
2649,1590,107,3,127533.48,382600.44
2650,1590,25,2,38789.13,77578.26
2651,1591,27,2,157420.65,314841.3
2652,1591,96,3,118075.5,354226.5
2653,1592,29,4,42771.43,171085.72
2654,1592,154,5,156936.96,784684.8
2655,1593,54,3,3627.59,10882.77
2656,1593,107,4,150039.39,600157.56
2657,1594,65,4,73743.07,294972.28
2658,1595,138,5,125780.24,628901.2
2659,1596,131,4,143295.26,573181.04
2660,1597,56,5,99569.48,497847.4
2661,1597,97,2,151543.51,303087.02
2662,1597,142,1,100211.88,100211.88
2663,1598,139,2,58669.54,117339.08
2664,1599,155,2,28515.51,57031.02
2665,1600,59,1,30355.94,30355.94
2666,1601,148,2,139763.5,279527.0
2667,1601,47,5,167436.24,837181.2
2668,1602,165,2,144760.7,289521.4
2669,1603,15,4,91363.93,365455.72
2670,1604,58,3,123725.8,371177.4
2671,1605,68,1,43085.88,43085.88
2672,1606,176,2,151244.89,302489.78
2673,1607,21,4,22744.73,90978.92
2674,1607,140,2,119405.89,238811.78
2675,1608,41,3,49517.29,148551.87
2676,1609,133,2,90401.75,180803.5
2677,1610,138,1,120780.24,120780.24
2678,1611,150,4,98328.76,393315.04
2679,1612,123,4,138306.49,553225.96
2680,1612,86,5,125829.12,629145.6
2681,1613,134,3,109857.31,329571.93
2682,1613,168,5,73057.62,365288.1
2683,1614,73,5,40202.34,201011.7
2684,1615,160,1,125838.21,125838.21
2685,1615,154,3,156936.96,470810.88
2686,1616,35,1,131893.81,131893.81
2687,1617,29,3,42771.43,128314.29
2688,1618,105,4,80081.22,320324.88
2689,1618,86,3,125829.12,377487.36
2690,1619,25,5,45634.27,228171.35
2691,1619,142,5,100211.88,501059.4
2692,1620,3,1,129735.47,129735.47
2693,1620,111,4,137195.14,548780.56
2694,1621,176,3,127300.81,381902.43
2695,1622,63,1,125999.7,125999.7
2696,1623,52,5,40281.45,201407.25
2697,1623,25,4,45634.27,182537.08
2698,1623,44,3,169662.51,508987.53
2699,1624,115,4,134489.95,537959.8
2700,1624,46,1,129765.95,129765.95
2701,1625,79,5,31301.16,156505.8
2702,1626,125,5,112921.84,564609.2
2703,1627,23,2,137964.41,275928.82
2704,1627,147,5,28601.63,143008.15
2705,1628,152,5,4725.57,23627.85
2706,1628,166,1,77859.94,77859.94
2707,1628,149,4,125511.02,502044.08
2708,1629,43,1,17179.73,17179.73
2709,1629,179,1,112659.8,112659.8
2710,1630,165,4,144760.7,579042.8
2711,1630,4,1,124328.81,124328.81
2712,1631,127,3,75307.61,225922.83
2713,1632,175,2,157060.26,314120.52
2714,1633,57,2,7802.78,15605.56
2715,1634,31,2,15541.75,31083.5
2716,1635,158,5,112290.32,561451.6
2717,1636,149,1,131511.02,131511.02
2718,1637,12,5,33358.7,166793.5
2719,1637,80,1,33917.83,33917.83
2720,1638,173,2,34088.29,68176.58
2721,1639,76,5,42761.4,213807.0
2722,1639,96,3,118075.5,354226.5
2723,1640,88,4,6457.16,25828.64
2724,1640,178,2,148567.86,297135.72
2725,1641,151,1,125535.6,125535.6
2726,1641,141,2,90564.96,181129.92
2727,1642,72,2,143260.99,286521.98
2728,1643,40,3,120296.7,360890.1
2729,1643,38,3,26437.07,79311.21
2730,1644,70,1,130396.5,130396.5
2731,1645,180,3,115466.49,346399.47
2732,1645,48,5,92541.59,462707.95
2733,1646,18,4,127440.48,509761.92
2734,1646,162,4,13921.47,55685.88
2735,1646,66,2,28377.33,56754.66
2736,1647,28,4,47854.07,191416.28
2737,1647,47,1,108833.56,108833.56
2738,1647,49,1,34737.8,34737.8
2739,1648,102,5,139729.12,698645.6
2740,1648,60,5,34746.84,173734.2
2741,1649,67,1,56484.23,56484.23
2742,1650,143,3,175246.99,525740.97
2743,1650,65,2,73743.07,147486.14
2744,1651,100,2,105427.2,210854.4
2745,1652,155,1,22515.51,22515.51
2746,1652,63,4,142234.94,568939.76
2747,1653,134,3,109857.31,329571.93
2748,1653,170,5,41763.8,208819.0
2749,1654,151,4,156919.5,627678.0
2750,1655,79,5,41734.88,208674.4
2751,1655,93,5,17858.7,89293.5
2752,1656,162,3,16977.4,50932.2
2753,1657,9,5,139833.1,699165.5
2754,1657,144,2,5420.38,10840.76
2755,1657,157,1,70261.66,70261.66
2756,1658,163,2,28331.84,56663.68
2757,1659,24,4,89483.21,357932.84
2758,1660,17,1,67073.37,67073.37
2759,1661,56,2,99569.48,199138.96
2760,1661,160,4,125838.21,503352.84
2761,1661,121,4,73925.22,295700.88
2762,1662,178,2,148567.86,297135.72
2763,1663,169,2,112809.37,225618.74
2764,1664,3,3,97301.6,291904.8
2765,1664,47,2,125577.18,251154.36
2766,1665,166,3,68765.15,206295.45
2767,1665,44,1,139123.26,139123.26
2768,1666,135,1,104995.72,104995.72
2769,1666,59,4,30355.94,121423.76
2770,1667,63,2,148234.94,296469.88
2771,1667,48,4,92541.59,370166.36
2772,1668,4,1,146269.19,146269.19
2773,1669,26,3,110842.15,332526.45
2774,1669,167,3,56401.18,169203.54
2775,1669,80,2,37686.48,75372.96
2776,1670,142,3,100211.88,300635.64
2777,1671,172,1,59470.79,59470.79
2778,1672,72,2,162796.58,325593.16
2779,1673,95,5,47652.06,238260.3
2780,1673,2,3,8625.53,25876.59
2781,1674,90,1,133030.23,133030.23
2782,1675,132,4,85959.54,343838.16
2783,1676,87,3,59828.02,179484.06
2784,1676,107,1,105027.57,105027.57
2785,1677,148,1,134763.5,134763.5
2786,1677,73,3,35202.34,105607.02
2787,1678,50,5,69568.2,347841.0
2788,1679,17,4,67073.37,268293.48
2789,1679,50,1,96622.5,96622.5
2790,1680,163,2,28331.84,56663.68
2791,1681,84,1,113934.47,113934.47
2792,1682,160,5,125838.21,629191.05
2793,1682,15,2,91363.93,182727.86
2794,1683,20,1,123410.16,123410.16
2795,1684,52,3,40281.45,120844.35
2796,1685,158,3,112290.32,336870.96
2797,1686,148,5,139763.5,698817.5
2798,1687,10,2,83253.62,166507.24
2799,1687,163,4,28331.84,113327.36
2800,1687,45,4,77202.81,308811.24
2801,1688,111,4,137195.14,548780.56
2802,1688,150,5,98328.76,491643.8
2803,1689,43,5,17179.73,85898.65
2804,1690,60,5,34746.84,173734.2
2805,1691,146,3,43686.78,131060.34
2806,1692,17,5,67073.37,335366.85
2807,1693,50,1,96622.5,96622.5
2808,1693,156,5,62925.34,314626.7
2809,1694,79,3,41734.88,125204.64
2810,1694,33,2,36702.55,73405.1
2811,1695,97,4,147543.51,590174.04
2812,1696,132,3,85959.54,257878.62
2813,1696,49,4,53442.77,213771.08
2814,1697,77,5,153403.57,767017.85
2815,1698,59,3,25802.55,77407.65
2816,1698,61,2,124527.24,249054.48
2817,1699,27,5,151420.65,757103.25
2818,1700,157,3,70261.66,210784.98
2819,1701,130,3,117631.35,352894.05
2820,1701,112,3,19470.44,58411.32
2821,1702,64,5,52312.74,261563.7
2822,1703,159,2,16147.57,32295.14
2823,1704,88,4,6457.16,25828.64
2824,1704,6,3,66539.35,199618.05
2825,1705,6,5,66539.35,332696.75
2826,1706,42,5,13118.25,65591.25
2827,1706,144,5,5420.38,27101.9
2828,1706,163,3,28331.84,84995.52
2829,1707,123,1,138306.49,138306.49
2830,1707,162,2,16977.4,33954.8
2831,1708,155,3,28515.51,85546.53
2832,1708,109,3,40545.21,121635.63
2833,1709,154,1,156936.96,156936.96
2834,1710,121,3,73925.22,221775.66
2835,1710,104,1,148552.57,148552.57
2836,1711,32,5,131033.4,655167.0
2837,1712,2,5,8625.53,43127.65
2838,1712,10,5,83253.62,416268.1
2839,1713,35,5,131893.81,659469.05
2840,1714,117,3,49892.06,149676.18
2841,1714,55,3,73084.4,219253.2
2842,1715,157,4,70261.66,281046.64
2843,1715,166,4,83859.94,335439.76
2844,1716,112,4,19470.44,77881.76
2845,1716,111,5,137195.14,685975.7
2846,1717,149,4,131511.02,526044.08
2847,1717,67,1,64186.62,64186.62
2848,1718,28,4,73621.64,294486.56
2849,1719,165,4,170306.71,681226.84
2850,1719,6,5,66539.35,332696.75
2851,1720,67,5,51349.3,256746.5
2852,1721,22,1,92859.66,92859.66
2853,1722,56,5,99569.48,497847.4
2854,1723,115,1,134489.95,134489.95
2855,1724,123,3,138306.49,414919.47
2856,1725,84,1,113934.47,113934.47
2857,1726,20,5,98728.13,493640.65
2858,1726,139,4,46935.63,187742.52
2859,1727,176,4,155244.89,620979.56
2860,1727,25,3,45634.27,136902.81
2861,1727,99,3,110482.81,331448.43
2862,1728,175,2,157060.26,314120.52
2863,1728,47,3,167436.24,502308.72
2864,1729,95,4,47652.06,190608.24
2865,1729,157,5,70261.66,351308.3
2866,1730,5,3,24415.9,73247.7
2867,1730,72,1,130237.26,130237.26
2868,1731,105,2,80081.22,160162.44
2869,1731,148,4,139763.5,559054.0
2870,1732,12,2,46331.53,92663.06
2871,1733,68,5,48085.88,240429.4
2872,1733,46,4,129765.95,519063.8
2873,1734,180,5,115466.49,577332.45
2874,1735,85,1,62445.01,62445.01
2875,1735,115,3,134489.95,403469.85
2876,1736,34,2,155899.1,311798.2
2877,1736,85,5,62445.01,312225.05
2878,1736,15,3,91363.93,274091.79
2879,1737,126,4,37381.77,149527.08
2880,1737,110,3,70832.26,212496.78
2881,1737,45,5,57902.11,289510.55
2882,1738,19,2,51194.74,102389.48
2883,1738,162,5,12223.73,61118.65
2884,1738,106,3,100880.31,302640.93
2885,1739,105,1,80081.22,80081.22
2886,1739,144,4,5420.38,21681.52
2887,1740,132,3,85959.54,257878.62
2888,1741,22,1,92859.66,92859.66
2889,1742,37,5,94912.96,474564.8
2890,1742,113,5,44405.8,222029.0
2891,1743,86,1,125829.12,125829.12
2892,1744,157,1,70261.66,70261.66
2893,1744,167,3,70501.48,211504.44
2894,1744,54,5,3627.59,18137.95
2895,1745,38,3,32437.07,97311.21
2896,1745,126,5,49842.36,249211.8
2897,1745,118,4,175450.2,701800.8
2898,1746,13,4,136966.31,547865.24
2899,1746,56,3,89612.53,268837.59
2900,1747,14,2,32753.59,65507.18
2901,1748,56,3,99569.48,298708.44
2902,1748,65,3,73743.07,221229.21
2903,1749,153,3,103142.65,309427.95
2904,1750,154,4,156936.96,627747.84
2905,1751,63,1,148234.94,148234.94
2906,1751,60,5,34746.84,173734.2
2907,1752,39,2,70078.24,140156.48
2908,1753,113,4,68316.62,273266.48
2909,1754,13,4,152184.79,608739.16
2910,1755,32,3,131033.4,393100.2
2911,1755,115,3,134489.95,403469.85
2912,1755,78,4,70964.19,283856.76
2913,1756,110,2,94443.02,188886.04
2914,1757,35,2,131893.81,263787.62
2915,1757,100,4,105427.2,421708.8
2916,1758,81,1,177856.96,177856.96
2917,1759,142,4,100211.88,400847.52
2918,1759,155,4,28515.51,114062.04
2919,1760,127,3,75307.61,225922.83
2920,1761,176,2,155244.89,310489.78
2921,1761,74,3,81262.28,243786.84
2922,1762,86,5,125829.12,629145.6
2923,1762,36,3,82404.6,247213.8
2924,1763,115,3,107591.96,322775.88
2925,1763,118,1,140360.16,140360.16
2926,1764,62,4,154971.01,619884.04
2927,1764,122,4,146572.15,586288.6
2928,1764,100,5,105427.2,527136.0
2929,1765,7,3,97912.37,293737.11
2930,1766,6,4,66539.35,266157.4
2931,1766,123,3,138306.49,414919.47
2932,1766,108,1,111028.71,111028.71
2933,1767,114,3,54153.39,162460.17
2934,1768,23,1,137964.41,137964.41
2935,1769,121,2,73925.22,147850.44
2936,1770,54,5,2974.62,14873.1
2937,1770,16,5,38255.52,191277.6
2938,1771,9,1,139833.1,139833.1
2939,1772,72,4,105817.78,423271.12
2940,1772,9,3,90891.52,272674.56
2941,1773,130,2,117631.35,235262.7
2942,1774,75,3,38325.74,114977.22
2943,1775,135,3,104995.72,314987.16
2944,1776,109,2,36545.21,73090.42
2945,1776,94,3,66101.38,198304.14
2946,1777,52,4,40281.45,161125.8
2947,1777,174,4,164687.19,658748.76
2948,1777,34,1,155899.1,155899.1
2949,1778,172,1,67580.44,67580.44
2950,1778,4,3,146269.19,438807.57
2951,1779,147,1,28601.63,28601.63
2952,1780,63,3,148234.94,444704.82
2953,1781,171,4,130321.97,521287.88
2954,1781,93,1,14286.96,14286.96
2955,1782,177,5,5463.6,27318.0
2956,1783,152,3,10725.57,32176.71
2957,1783,103,1,64455.07,64455.07
2958,1784,27,3,157420.65,472261.95
2959,1785,115,4,134489.95,537959.8
2960,1785,71,4,126405.89,505623.56
2961,1786,79,4,31301.16,125204.64
2962,1787,24,5,89483.21,447416.05
2963,1788,166,5,79859.94,399299.7
2964,1788,105,4,76081.22,304324.88
2965,1789,72,5,138377.09,691885.45
2966,1789,119,4,115807.59,463230.36
2967,1790,167,4,66501.48,266005.92
2968,1791,38,1,32437.07,32437.07
2969,1791,158,3,112290.32,336870.96
2970,1792,95,3,47652.06,142956.18
2971,1792,104,5,148552.57,742762.85
2972,1793,5,5,21363.91,106819.55
2973,1793,135,1,73497.0,73497.0
2974,1794,43,2,17179.73,34359.46
2975,1795,1,5,46345.86,231729.3
2976,1795,47,2,167436.24,334872.48
2977,1796,74,1,81262.28,81262.28
2978,1797,124,2,82741.06,165482.12
2979,1798,109,2,40545.21,81090.42
2980,1798,45,1,77202.81,77202.81
2981,1799,91,1,80142.97,80142.97
2982,1800,23,5,137964.41,689822.05
2983,1801,9,3,139833.1,419499.3
2984,1802,116,2,75397.68,150795.36
2985,1803,152,1,9653.01,9653.01
2986,1804,129,3,107392.76,322178.28
2987,1805,117,3,55435.62,166306.86
2988,1806,33,3,36702.55,110107.65
2989,1806,1,5,46345.86,231729.3
2990,1806,49,3,53442.77,160328.31
2991,1807,5,2,30519.87,61039.74
2992,1808,58,2,105166.93,210333.86
2993,1808,130,3,99986.65,299959.95
2994,1808,124,1,70329.9,70329.9
2995,1809,175,4,151060.26,604241.04
2996,1809,180,4,109466.49,437865.96
2997,1810,128,4,128131.18,512524.72
2998,1811,53,1,41754.64,41754.64
2999,1812,94,2,70101.38,140202.76
3000,1812,20,1,123410.16,123410.16
3001,1812,130,2,117631.35,235262.7
3002,1813,96,2,118075.5,236151.0
3003,1814,108,3,111028.71,333086.13
3004,1815,21,2,22744.73,45489.46
3005,1815,90,5,133030.23,665151.15
3006,1816,138,2,125780.24,251560.48
3007,1816,94,1,70101.38,70101.38
3008,1816,164,4,162106.81,648427.24
3009,1817,84,5,113934.47,569672.35
3010,1817,88,5,6457.16,32285.8
3011,1818,148,5,139763.5,698817.5
3012,1819,174,1,164687.19,164687.19
3013,1820,142,3,100211.88,300635.64
3014,1820,97,5,151543.51,757717.55
3015,1820,85,1,62445.01,62445.01
3016,1821,89,5,51854.44,259272.2
3017,1822,138,2,125780.24,251560.48
3018,1823,25,3,40634.27,121902.81
3019,1823,151,5,151919.5,759597.5
3020,1823,57,5,5403.71,27018.55
3021,1824,11,1,32665.8,32665.8
3022,1825,137,4,75277.61,301110.44
3023,1825,17,2,67073.37,134146.74
3024,1825,67,3,64186.62,192559.86
3025,1826,156,2,62925.34,125850.68
3026,1827,41,1,44413.83,44413.83
3027,1828,95,4,47652.06,190608.24
3028,1828,148,2,139763.5,279527.0
3029,1829,14,2,44390.14,88780.28
3030,1829,151,1,150919.5,150919.5
3031,1829,27,5,151420.65,757103.25
3032,1830,121,2,73925.22,147850.44
3033,1831,23,3,137964.41,413893.23
3034,1832,23,2,137964.41,275928.82
3035,1832,51,1,23430.87,23430.87
3036,1833,165,3,170306.71,510920.13
3037,1834,14,1,50390.14,50390.14
3038,1835,10,2,83253.62,166507.24
3039,1836,79,3,41734.88,125204.64
3040,1837,113,5,68316.62,341583.1
3041,1838,26,1,113613.21,113613.21
3042,1839,105,5,72073.1,360365.5
3043,1839,93,5,16072.83,80364.15
3044,1840,81,3,177856.96,533570.88
3045,1841,111,2,137195.14,274390.28
3046,1842,79,3,41734.88,125204.64
3047,1842,84,1,113934.47,113934.47
3048,1843,48,5,86541.59,432707.95
3049,1843,153,1,137253.68,137253.68
3050,1844,158,5,112290.32,561451.6
3051,1845,40,1,126296.7,126296.7
3052,1846,176,1,155244.89,155244.89
3053,1847,27,1,157420.65,157420.65
3054,1847,6,4,66539.35,266157.4
3055,1847,108,4,111028.71,444114.84
3056,1848,24,1,67112.41,67112.41
3057,1848,5,5,22889.9,114449.5
3058,1849,41,3,45524.18,136572.54
3059,1849,171,2,133580.02,267160.04
3060,1850,32,5,131033.4,655167.0
3061,1850,104,2,148552.57,297105.14
3062,1851,129,2,107392.76,214785.52
3063,1852,22,4,92859.66,371438.64
3064,1853,164,4,162106.81,648427.24
3065,1854,98,5,102822.62,514113.1
3066,1855,98,1,82258.1,82258.1
3067,1855,38,5,25949.66,129748.3
3068,1856,70,4,130396.5,521586.0
3069,1857,23,1,137964.41,137964.41
3070,1857,1,3,46345.86,139037.58
3071,1858,36,3,82404.6,247213.8
3072,1858,170,4,41763.8,167055.2
3073,1859,34,5,112247.35,561236.75
3074,1860,13,2,121747.83,243495.66
3075,1860,52,2,32225.16,64450.32
3076,1861,166,4,62894.96,251579.84
3077,1862,69,5,15385.36,76926.8
3078,1862,144,4,5420.38,21681.52
3079,1862,87,2,85468.6,170937.2
3080,1863,49,5,53442.77,267213.85
3081,1864,32,2,131033.4,262066.8
3082,1865,23,3,137964.41,413893.23
3083,1865,76,2,42761.4,85522.8
3084,1866,12,5,46331.53,231657.65
3085,1866,85,1,62445.01,62445.01
3086,1866,174,2,164687.19,329374.38
3087,1867,133,4,74129.44,296517.76
3088,1867,103,1,52853.16,52853.16
3089,1867,5,3,25026.29,75078.87
3090,1868,45,3,77202.81,231608.43
3091,1868,47,1,167436.24,167436.24
3092,1869,92,3,121415.6,364246.8
3093,1870,68,5,48085.88,240429.4
3094,1870,116,3,88703.15,266109.45
3095,1870,103,1,64455.07,64455.07
3096,1871,6,1,66539.35,66539.35
3097,1871,66,5,34606.5,173032.5
3098,1872,150,4,98328.76,393315.04
3099,1872,130,4,117631.35,470525.4
3100,1872,85,3,62445.01,187335.03
3101,1873,25,4,45634.27,182537.08
3102,1874,91,4,80142.97,320571.88
3103,1875,57,5,10403.71,52018.55
3104,1875,132,4,85959.54,343838.16
3105,1876,131,4,143295.26,573181.04
3106,1876,114,3,83312.91,249938.73
3107,1877,158,5,112290.32,561451.6
3108,1878,19,4,66103.81,264415.24
3109,1878,53,1,42448.46,42448.46
3110,1879,33,2,29362.04,58724.08
3111,1880,6,1,66539.35,66539.35
3112,1880,23,2,137964.41,275928.82
3113,1881,3,4,106383.09,425532.36
3114,1881,72,5,133493.2,667466.0
3115,1882,115,1,134489.95,134489.95
3116,1883,158,2,112290.32,224580.64
3117,1883,4,5,146269.19,731345.95
3118,1884,85,1,62445.01,62445.01
3119,1885,66,5,24224.55,121122.75
3120,1885,134,3,76900.12,230700.36
3121,1886,144,5,5420.38,27101.9
3122,1886,44,3,169662.51,508987.53
3123,1887,151,1,156919.5,156919.5
3124,1888,145,1,117644.61,117644.61
3125,1889,60,2,29746.84,59493.68
3126,1889,79,5,36734.88,183674.4
3127,1889,113,2,63316.62,126633.24
3128,1890,24,4,89483.21,357932.84
3129,1890,105,2,80081.22,160162.44
3130,1891,145,2,112644.61,225289.22
3131,1891,85,2,57445.01,114890.02
3132,1892,101,1,30483.5,30483.5
3133,1892,127,5,60246.09,301230.45
3134,1893,131,5,143295.26,716476.3
3135,1894,161,5,69346.87,346734.35
3136,1895,106,4,140111.54,560446.16
3137,1895,85,2,62445.01,124890.02
3138,1896,43,5,11166.82,55834.1
3139,1896,95,2,30973.84,61947.68
3140,1897,41,5,50517.29,252586.45
3141,1897,135,1,99995.72,99995.72
3142,1897,43,1,12179.73,12179.73
3143,1898,40,3,126296.7,378890.1
3144,1898,63,2,148234.94,296469.88
3145,1899,131,5,143295.26,716476.3
3146,1900,138,3,125780.24,377340.72
3147,1901,109,4,26354.39,105417.56
3148,1901,125,4,73399.2,293596.8
3149,1902,157,3,59722.41,179167.23
3150,1902,103,3,54786.81,164360.43
3151,1903,57,3,10403.71,31211.13
3152,1903,123,3,138306.49,414919.47
3153,1904,148,3,139763.5,419290.5
3154,1904,122,2,146572.15,293144.3
3155,1905,92,2,109274.04,218548.08
3156,1906,123,3,138306.49,414919.47
3157,1907,176,2,155244.89,310489.78
3158,1907,85,5,62445.01,312225.05
3159,1907,154,5,156936.96,784684.8
3160,1908,138,4,121780.24,487120.96
3161,1909,23,3,96575.09,289725.27
3162,1909,176,5,108671.42,543357.1
3163,1909,17,4,46951.36,187805.44
3164,1910,41,4,41637.97,166551.88
3165,1910,110,3,70832.26,212496.78
3166,1911,167,5,70501.48,352507.4
3167,1911,31,5,15541.75,77708.75
3168,1912,66,3,34606.5,103819.5
3169,1913,157,4,70261.66,281046.64
3170,1914,82,1,160887.59,160887.59
3171,1915,165,3,170306.71,510920.13
3172,1915,112,1,19470.44,19470.44
3173,1916,113,5,68316.62,341583.1
3174,1916,136,4,179459.35,717837.4
3175,1917,3,1,129735.47,129735.47
3176,1918,53,5,47448.46,237242.3
3177,1918,90,2,133030.23,266060.46
3178,1919,29,4,42771.43,171085.72
3179,1920,10,3,83253.62,249760.86
3180,1920,22,5,92859.66,464298.3
3181,1921,164,2,158106.81,316213.62
3182,1922,72,2,162796.58,325593.16
3183,1923,72,5,162796.58,813982.9
3184,1924,56,5,99569.48,497847.4
3185,1924,79,2,41734.88,83469.76
3186,1925,106,5,100880.31,504401.55
3187,1926,161,5,69346.87,346734.35
3188,1927,112,1,16549.87,16549.87
3189,1927,168,1,62098.98,62098.98
3190,1928,130,3,96457.71,289373.13
3191,1928,9,1,114663.14,114663.14
3192,1929,51,5,23430.87,117154.35
3193,1929,77,1,153403.57,153403.57
3194,1930,86,2,125829.12,251658.24
3195,1931,62,3,123976.81,371930.43
3196,1932,135,4,94496.15,377984.6
3197,1932,103,4,58009.56,232038.24
3198,1933,89,3,55854.44,167563.32
3199,1934,107,1,97525.6,97525.6
3200,1935,150,2,98328.76,196657.52
3201,1936,11,4,50255.07,201020.28
3202,1936,158,3,112290.32,336870.96
3203,1936,112,4,19470.44,77881.76
3204,1937,36,2,82404.6,164809.2
3205,1937,127,1,75307.61,75307.61
3206,1938,53,3,47448.46,142345.38
3207,1938,102,5,139729.12,698645.6
3208,1939,28,2,73621.64,147243.28
3209,1939,154,5,156936.96,784684.8
3210,1940,90,4,133030.23,532120.92
3211,1940,105,2,80081.22,160162.44
3212,1941,94,2,70101.38,140202.76
3213,1941,11,1,50255.07,50255.07
3214,1942,92,2,151769.5,303539.0
3215,1942,83,5,155484.6,777423.0
3216,1942,167,2,70501.48,141002.96
3217,1943,173,3,34088.29,102264.87
3218,1943,128,3,128131.18,384393.54
3219,1943,117,5,55435.62,277178.1
3220,1944,41,4,55517.29,222069.16
3221,1945,67,2,57767.96,115535.92
3222,1946,95,5,39074.69,195373.45
3223,1946,102,3,114577.88,343733.64
3224,1946,123,3,113411.32,340233.96
3225,1947,1,5,33369.02,166845.1
3226,1947,115,5,96832.76,484163.8
3227,1948,6,3,58554.63,175663.89
3228,1948,124,1,72812.13,72812.13
3229,1949,145,5,117644.61,588223.05
3230,1949,179,1,112659.8,112659.8
3231,1950,17,4,67073.37,268293.48
3232,1950,117,3,55435.62,166306.86
3233,1951,40,5,126296.7,631483.5
3234,1952,71,1,126405.89,126405.89
3235,1952,77,3,153403.57,460210.71
3236,1953,43,2,17179.73,34359.46
3237,1953,87,1,85468.6,85468.6
3238,1954,71,5,126405.89,632029.45
3239,1955,134,2,109857.31,219714.62
3240,1955,173,5,34088.29,170441.45
3241,1956,87,5,70084.25,350421.25
3242,1956,170,4,34246.32,136985.28
3243,1957,114,4,83312.91,333251.64
3244,1958,82,5,128710.07,643550.35
3245,1959,124,3,82741.06,248223.18
3246,1959,5,3,30519.87,91559.61
3247,1959,93,5,17858.7,89293.5
3248,1960,54,3,3083.45,9250.35
3249,1961,111,5,137195.14,685975.7
3250,1962,127,1,75307.61,75307.61
3251,1963,106,5,140111.54,700557.7
3252,1964,37,1,131417.95,131417.95
3253,1965,69,1,15385.36,15385.36
3254,1965,157,4,70261.66,281046.64
3255,1966,178,2,148567.86,297135.72
3256,1967,29,3,42771.43,128314.29
3257,1968,152,4,10725.57,42902.28
3258,1969,14,1,50390.14,50390.14
3259,1970,86,3,125829.12,377487.36
3260,1971,59,3,30355.94,91067.82
3261,1972,68,1,48085.88,48085.88
3262,1972,62,3,154971.01,464913.03
3263,1973,124,2,82741.06,165482.12
3264,1973,35,3,131893.81,395681.43
3265,1974,120,4,80962.98,323851.92
3266,1974,129,3,107392.76,322178.28
3267,1974,87,1,85468.6,85468.6
3268,1975,70,4,126396.5,505586.0
3269,1976,101,5,38104.37,190521.85
3270,1977,167,3,70501.48,211504.44
3271,1978,159,3,18997.14,56991.42
3272,1979,38,5,25949.66,129748.3
3273,1980,96,3,100364.18,301092.54
3274,1981,173,3,34088.29,102264.87
3275,1981,150,4,98328.76,393315.04
3276,1982,78,3,70964.19,212892.57
3277,1982,125,5,112921.84,564609.2
3278,1983,105,4,57658.48,230633.92
3279,1984,136,3,173459.35,520378.05
3280,1985,31,4,15541.75,62167.0
3281,1985,50,2,96622.5,193245.0
3282,1986,168,3,73057.62,219172.86
3283,1987,77,1,153403.57,153403.57
3284,1988,65,4,73743.07,294972.28
3285,1989,114,1,54153.39,54153.39
3286,1989,163,3,18415.7,55247.1
3287,1990,127,5,75307.61,376538.05
3288,1990,172,4,67580.44,270321.76
3289,1991,178,3,148567.86,445703.58
3290,1991,63,1,148234.94,148234.94
3291,1992,82,3,160887.59,482662.77
3292,1992,147,1,28601.63,28601.63
3293,1993,56,3,84634.06,253902.18
3294,1993,128,3,108911.5,326734.5
3295,1994,104,1,148552.57,148552.57
3296,1994,10,4,83253.62,333014.48
3297,1995,156,4,44047.74,176190.96
3298,1996,20,4,123410.16,493640.64
3299,1997,174,1,164687.19,164687.19
3300,1998,11,4,50255.07,201020.28
3301,1998,27,1,157420.65,157420.65
3302,1999,118,3,175450.2,526350.6
3303,1999,147,5,28601.63,143008.15
3304,1999,166,1,83859.94,83859.94
3305,2000,111,5,137195.14,685975.7
3306,2001,136,3,179459.35,538378.05
3307,2002,26,4,132552.69,530210.76
3308,2003,40,5,126296.7,631483.5
3309,2003,29,2,42771.43,85542.86
3310,2003,94,5,70101.38,350506.9
3311,2004,150,4,63913.69,255654.76
3312,2004,109,4,26354.39,105417.56
3313,2005,91,4,80142.97,320571.88
3314,2005,51,4,23430.87,93723.48
3315,2006,95,5,47652.06,238260.3
3316,2006,173,5,34088.29,170441.45
3317,2006,92,4,151769.5,607078.0
3318,2007,15,4,77659.34,310637.36
3319,2008,137,5,75277.61,376388.05
3320,2009,22,2,81716.5,163433.0
3321,2010,89,1,55854.44,55854.44
3322,2011,157,1,70261.66,70261.66
3323,2011,2,3,8625.53,25876.59
3324,2012,155,4,22812.41,91249.64
3325,2013,80,3,47108.1,141324.3
3326,2013,43,5,17179.73,85898.65
3327,2013,127,2,75307.61,150615.22
3328,2014,173,2,27270.63,54541.26
3329,2015,146,4,35977.35,143909.4
3330,2016,17,3,67073.37,201220.11
3331,2017,6,1,66539.35,66539.35
3332,2017,51,1,23430.87,23430.87
3333,2018,173,4,27270.63,109082.52
3334,2018,59,3,24284.75,72854.25
3335,2018,94,5,56081.1,280405.5
3336,2019,100,5,105427.2,527136.0
3337,2019,7,2,97912.37,195824.74
3338,2020,88,4,5811.44,23245.76
3339,2020,47,2,150692.62,301385.24
3340,2020,172,4,60822.4,243289.6
3341,2021,68,2,48085.88,96171.76
3342,2021,18,5,155415.22,777076.1
3343,2022,134,5,109857.31,549286.55
3344,2022,100,1,105427.2,105427.2
3345,2022,110,1,94443.02,94443.02
3346,2023,173,2,34088.29,68176.58
3347,2023,33,2,36702.55,73405.1
3348,2024,161,2,69346.87,138693.74
3349,2025,41,4,41637.97,166551.88
3350,2026,28,5,53007.58,265037.9
3351,2027,165,5,170306.71,851533.55
3352,2028,38,5,25949.66,129748.3
3353,2028,86,3,100663.3,301989.9
3354,2029,82,4,160887.59,643550.36
3355,2030,162,3,16977.4,50932.2
3356,2030,70,2,130396.5,260793.0
3357,2030,97,2,151543.51,303087.02
3358,2031,82,3,160887.59,482662.77
3359,2032,20,1,123410.16,123410.16
3360,2033,177,3,5463.6,16390.8
3361,2033,137,1,75277.61,75277.61
3362,2034,116,2,88703.15,177406.3
3363,2035,5,3,30519.87,91559.61
3364,2035,176,2,155244.89,310489.78
3365,2036,142,5,100211.88,501059.4
3366,2037,152,2,10725.57,21451.14
3367,2038,110,5,94443.02,472215.1
3368,2039,26,5,138552.69,692763.45
3369,2040,72,1,162796.58,162796.58
3370,2040,128,3,128131.18,384393.54
3371,2041,35,2,116066.55,232133.1
3372,2042,20,3,123410.16,370230.48
3373,2043,63,2,148234.94,296469.88
3374,2043,51,3,23430.87,70292.61
3375,2044,16,1,46653.07,46653.07
3376,2045,114,2,66650.33,133300.66
3377,2046,100,2,84341.76,168683.52
3378,2046,3,1,103788.38,103788.38
3379,2047,102,4,139729.12,558916.48
3380,2047,75,4,53230.19,212920.76
3381,2048,147,1,23601.63,23601.63
3382,2049,170,4,41763.8,167055.2
3383,2049,171,1,162902.46,162902.46
3384,2049,124,5,82741.06,413705.3
3385,2050,120,4,58293.35,233173.4
3386,2051,155,3,28515.51,85546.53
3387,2052,108,4,111028.71,444114.84
3388,2053,17,4,67073.37,268293.48
3389,2053,163,2,28331.84,56663.68
3390,2054,128,3,128131.18,384393.54
3391,2054,38,5,32437.07,162185.35
3392,2054,11,5,50255.07,251275.35
3393,2055,102,1,139729.12,139729.12
3394,2055,144,3,5420.38,16261.14
3395,2056,100,5,105427.2,527136.0
3396,2057,58,2,123725.8,247451.6
3397,2058,77,3,153403.57,460210.71
3398,2059,66,4,34606.5,138426.0
3399,2059,158,4,112290.32,449161.28
3400,2060,151,5,156919.5,784597.5
3401,2061,10,3,83253.62,249760.86
3402,2062,176,5,155244.89,776224.45
3403,2062,60,1,34746.84,34746.84
3404,2063,65,5,73743.07,368715.35
3405,2064,145,4,117644.61,470578.44
3406,2065,59,2,30355.94,60711.88
3407,2065,77,3,153403.57,460210.71
3408,2066,30,4,4272.78,17091.12
3409,2066,153,1,143253.68,143253.68
3410,2067,18,3,155415.22,466245.66
3411,2068,26,4,117769.79,471079.16
3412,2068,49,5,45426.35,227131.75
3413,2069,101,4,38104.37,152417.48
3414,2070,119,1,95370.95,95370.95
3415,2070,71,3,88484.12,265452.36
3416,2070,45,2,54041.97,108083.94
3417,2071,64,4,52312.74,209250.96
3418,2072,88,4,6457.16,25828.64
3419,2072,44,1,169662.51,169662.51
3420,2073,29,4,42771.43,171085.72
3421,2074,7,5,97912.37,489561.85
3422,2074,141,4,113206.2,452824.8
3423,2075,71,5,111237.18,556185.9
3424,2076,155,2,28515.51,57031.02
3425,2077,95,5,47652.06,238260.3
3426,2078,129,3,107392.76,322178.28
3427,2079,160,1,125838.21,125838.21
3428,2080,93,4,17858.7,71434.8
3429,2081,84,1,113934.47,113934.47
3430,2082,87,3,85468.6,256405.8
3431,2083,56,3,99569.48,298708.44
3432,2084,42,1,8118.25,8118.25
3433,2085,23,2,137964.41,275928.82
3434,2086,63,5,148234.94,741174.7
3435,2086,49,3,53442.77,160328.31
3436,2086,23,3,137964.41,413893.23
3437,2087,163,4,28331.84,113327.36
3438,2087,150,5,98328.76,491643.8
3439,2088,57,5,8322.97,41614.85
3440,2088,87,4,68374.88,273499.52
3441,2089,127,1,75307.61,75307.61
3442,2090,180,1,115466.49,115466.49
3443,2090,7,3,97912.37,293737.11
3444,2090,50,4,96622.5,386490.0
3445,2091,15,3,91363.93,274091.79
3446,2091,147,1,28601.63,28601.63
3447,2092,179,4,112659.8,450639.2
3448,2093,24,4,89483.21,357932.84
3449,2094,60,5,34746.84,173734.2
3450,2095,54,4,3627.59,14510.36
3451,2095,62,4,154971.01,619884.04
3452,2096,30,4,3631.86,14527.44
3453,2096,143,4,148959.94,595839.76
3454,2097,171,4,138467.09,553868.36
3455,2098,3,2,129735.47,259470.94
3456,2098,100,3,105427.2,316281.6
3457,2098,72,3,162796.58,488389.74
3458,2099,168,2,73057.62,146115.24
3459,2099,151,1,156919.5,156919.5
3460,2099,117,4,55435.62,221742.48
3461,2100,12,2,46331.53,92663.06
3462,2100,59,2,30355.94,60711.88
3463,2101,108,4,72168.66,288674.64
3464,2102,128,3,128131.18,384393.54
3465,2103,88,3,6457.16,19371.48
3466,2103,30,5,4272.78,21363.9
3467,2103,1,3,46345.86,139037.58
3468,2104,12,4,46331.53,185326.12
3469,2104,151,2,156919.5,313839.0
3470,2104,78,1,70964.19,70964.19
3471,2105,89,1,36305.39,36305.39
3472,2105,100,3,68527.68,205583.04
3473,2106,42,1,8526.86,8526.86
3474,2106,124,4,53781.69,215126.76
3475,2107,150,5,78663.01,393315.05
3476,2107,93,3,14286.96,42860.88
3477,2108,106,1,140111.54,140111.54
3478,2108,31,1,15541.75,15541.75
3479,2109,148,4,125787.15,503148.6
3480,2110,116,3,88703.15,266109.45
3481,2111,90,4,133030.23,532120.92
3482,2112,39,5,50456.33,252281.65
3483,2113,117,2,55435.62,110871.24
3484,2113,39,4,70078.24,280312.96
3485,2114,54,5,2539.31,12696.55
3486,2114,76,3,29932.98,89798.94
3487,2115,175,1,157060.26,157060.26
3488,2116,149,5,131511.02,657555.1
3489,2116,3,5,129735.47,648677.35
3490,2117,176,4,155244.89,620979.56
3491,2118,90,1,133030.23,133030.23
3492,2118,107,4,150039.39,600157.56
3493,2119,152,5,10725.57,53627.85
3494,2120,167,4,70501.48,282005.92
3495,2121,133,2,90401.75,180803.5
3496,2122,141,5,96225.27,481126.35
3497,2122,122,4,124586.33,498345.32
3498,2122,9,4,118858.13,475432.52
3499,2123,113,4,68316.62,273266.48
3500,2123,153,1,143253.68,143253.68
3501,2123,96,2,118075.5,236151.0
3502,2124,105,4,80081.22,320324.88
3503,2124,37,2,146019.94,292039.88
3504,2125,151,2,156919.5,313839.0
3505,2126,114,1,83312.91,83312.91
3506,2126,18,1,155415.22,155415.22
3507,2126,172,4,67580.44,270321.76
3508,2127,92,2,129004.07,258008.14
3509,2127,32,5,111378.39,556891.95
3510,2128,45,1,77202.81,77202.81
3511,2128,48,4,92541.59,370166.36
3512,2129,168,3,73057.62,219172.86
3513,2129,43,2,17179.73,34359.46
3514,2130,50,2,82129.12,164258.24
3515,2131,37,2,146019.94,292039.88
3516,2132,59,3,30355.94,91067.82
3517,2132,65,4,73743.07,294972.28
3518,2133,103,1,64455.07,64455.07
3519,2134,97,3,121234.81,363704.43
3520,2134,145,2,94115.69,188231.38
3521,2135,1,5,46345.86,231729.3
3522,2135,103,3,64455.07,193365.21
3523,2136,49,4,42754.22,171016.88
3524,2136,88,5,5165.73,25828.65
3525,2137,83,3,155484.6,466453.8
3526,2137,36,1,82404.6,82404.6
3527,2137,154,2,156936.96,313873.92
3528,2138,63,1,148234.94,148234.94
3529,2138,124,1,82741.06,82741.06
3530,2139,68,5,43085.88,215429.4
3531,2139,65,5,68743.07,343715.35
3532,2140,137,4,75277.61,301110.44
3533,2141,88,1,6457.16,6457.16
3534,2141,63,1,148234.94,148234.94
3535,2142,162,3,16977.4,50932.2
3536,2142,134,2,109857.31,219714.62
3537,2142,3,3,129735.47,389206.41
3538,2143,80,2,41455.13,82910.26
3539,2144,2,2,8625.53,17251.06
3540,2144,83,4,155484.6,621938.4
3541,2145,78,2,70964.19,141928.38
3542,2146,8,4,159724.96,638899.84
3543,2147,109,5,40545.21,202726.05
3544,2147,141,4,113206.2,452824.8
3545,2148,8,2,111807.47,223614.94
3546,2148,174,1,115281.03,115281.03
3547,2149,152,2,10725.57,21451.14
3548,2150,64,1,52312.74,52312.74
3549,2151,9,3,139833.1,419499.3
3550,2151,24,5,89483.21,447416.05
3551,2151,160,4,125838.21,503352.84
3552,2152,54,2,3627.59,7255.18
3553,2152,152,5,10725.57,53627.85
3554,2152,148,4,139763.5,559054.0
3555,2153,124,5,82741.06,413705.3
3556,2153,41,4,55517.29,222069.16
3557,2154,180,1,115466.49,115466.49
3558,2155,41,3,55517.29,166551.87
3559,2156,105,5,64064.98,320324.9
3560,2156,45,1,61762.25,61762.25
3561,2157,171,5,162902.46,814512.3
3562,2158,77,1,153403.57,153403.57
3563,2159,61,2,141502.63,283005.26
3564,2160,139,5,58669.54,293347.7
3565,2160,143,1,175246.99,175246.99
3566,2161,5,3,30519.87,91559.61
3567,2162,11,2,50255.07,100510.14
3568,2163,80,1,47108.1,47108.1
3569,2163,87,2,85468.6,170937.2
3570,2164,38,1,32437.07,32437.07
3571,2164,175,1,157060.26,157060.26
3572,2164,41,4,55517.29,222069.16
3573,2165,94,3,65101.38,195304.14
3574,2166,71,5,113765.3,568826.5
3575,2167,36,1,72516.05,72516.05
3576,2168,69,4,15385.36,61541.44
3577,2169,120,3,80962.98,242888.94
3578,2170,5,3,26519.87,79559.61
3579,2170,26,2,134552.69,269105.38
3580,2171,175,5,141354.23,706771.15
3581,2172,71,2,126405.89,252811.78
3582,2173,59,1,19731.36,19731.36
3583,2173,102,4,90823.93,363295.72
3584,2174,88,5,6457.16,32285.8
3585,2174,75,2,53230.19,106460.38
3586,2175,147,3,28601.63,85804.89
3587,2176,127,2,66270.7,132541.4
3588,2176,37,5,128497.55,642487.75
3589,2177,137,1,75277.61,75277.61
3590,2178,23,3,110371.53,331114.59
3591,2179,153,2,143253.68,286507.36
3592,2180,103,4,64455.07,257820.28
3593,2181,170,5,41763.8,208819.0
3594,2182,26,5,138552.69,692763.45
3595,2183,2,3,8625.53,25876.59
3596,2183,25,1,45634.27,45634.27
3597,2184,145,4,117644.61,470578.44
3598,2184,111,5,137195.14,685975.7
3599,2185,124,1,82741.06,82741.06
3600,2185,172,5,67580.44,337902.2
3601,2185,34,2,155899.1,311798.2
3602,2186,147,2,22601.63,45203.26
3603,2187,144,2,5420.38,10840.76
3604,2188,91,2,80142.97,160285.94
3605,2188,33,2,36702.55,73405.1
3606,2189,145,1,117644.61,117644.61
3607,2189,116,3,88703.15,266109.45
3608,2190,51,5,23430.87,117154.35
3609,2190,123,3,138306.49,414919.47
3610,2191,152,3,5725.57,17176.71
3611,2191,27,5,152420.65,762103.25
3612,2192,162,1,16977.4,16977.4
3613,2192,96,1,118075.5,118075.5
3614,2192,83,4,155484.6,621938.4
3615,2193,155,4,28515.51,114062.04
3616,2193,166,1,83859.94,83859.94
3617,2194,43,1,12369.41,12369.41
3618,2195,120,3,80962.98,242888.94
3619,2195,86,1,125829.12,125829.12
3620,2195,118,3,175450.2,526350.6
3621,2196,77,2,153403.57,306807.14
3622,2196,144,5,5420.38,27101.9
3623,2196,120,4,80962.98,323851.92
3624,2197,34,3,155899.1,467697.3
3625,2198,133,2,90401.75,180803.5
3626,2198,140,1,119405.89,119405.89
3627,2199,168,5,52601.49,263007.45
3628,2200,121,4,48051.39,192205.56
3629,2200,116,4,57657.05,230628.2
3630,2200,61,4,95226.71,380906.84
3631,2201,67,3,58186.62,174559.86
3632,2202,79,2,41734.88,83469.76
3633,2203,88,5,6457.16,32285.8
3634,2203,78,4,70964.19,283856.76
3635,2204,43,4,17179.73,68718.92
3636,2204,155,3,28515.51,85546.53
3637,2205,87,4,85468.6,341874.4
3638,2206,79,5,41734.88,208674.4
3639,2206,58,1,123725.8,123725.8
3640,2207,158,1,72988.71,72988.71
3641,2207,147,2,18591.06,37182.12
3642,2208,137,1,67749.85,67749.85
3643,2209,33,4,36702.55,146810.2
3644,2209,76,5,42761.4,213807.0
3645,2210,13,1,152184.79,152184.79
3646,2210,161,5,69346.87,346734.35
3647,2210,8,3,159724.96,479174.88
3648,2211,17,4,67073.37,268293.48
3649,2212,124,4,77741.06,310964.24
3650,2212,59,4,25355.94,101423.76
3651,2213,43,4,17179.73,68718.92
3652,2214,178,2,121825.65,243651.3
3653,2215,67,5,51349.3,256746.5
3654,2216,9,2,139833.1,279666.2
3655,2217,154,2,125549.57,251099.14
3656,2218,22,3,92859.66,278578.98
3657,2219,162,3,16977.4,50932.2
3658,2219,16,2,46653.07,93306.14
3659,2219,26,4,138552.69,554210.76
3660,2220,30,4,4272.78,17091.12
3661,2221,47,4,147343.89,589375.56
3662,2222,17,3,67073.37,201220.11
3663,2223,85,4,62445.01,249780.04
3664,2224,4,1,119940.74,119940.74
3665,2224,3,5,106383.09,531915.45
3666,2225,157,2,70261.66,140523.32
3667,2226,85,5,62445.01,312225.05
3668,2227,70,3,130396.5,391189.5
3669,2227,115,2,134489.95,268979.9
3670,2228,138,2,94335.18,188670.36
3671,2229,166,5,83859.94,419299.7
3672,2229,83,4,155484.6,621938.4
3673,2230,178,4,148567.86,594271.44
3674,2230,124,1,82741.06,82741.06
3675,2231,64,2,52312.74,104625.48
3676,2231,153,2,143253.68,286507.36
3677,2231,6,4,66539.35,266157.4
3678,2232,42,4,10756.97,43027.88
3679,2232,78,2,58190.64,116381.28
3680,2233,3,1,129735.47,129735.47
3681,2234,37,5,146019.94,730099.7
3682,2234,155,1,28515.51,28515.51
3683,2235,163,4,28331.84,113327.36
3684,2235,15,3,91363.93,274091.79
3685,2236,105,3,70471.47,211414.41
3686,2236,18,3,136765.39,410296.17
3687,2237,129,4,107392.76,429571.04
3688,2238,84,3,74057.41,222172.23
3689,2239,14,3,45390.14,136170.42
3690,2240,64,1,39234.56,39234.56
3691,2241,127,5,75307.61,376538.05
3692,2242,16,4,46653.07,186612.28
3693,2243,94,3,70101.38,210304.14
3694,2244,58,3,108878.7,326636.1
3695,2244,160,2,110737.62,221475.24
3696,2244,51,5,20619.17,103095.85
3697,2245,5,3,30519.87,91559.61
3698,2246,55,5,76204.89,381024.45
3699,2247,177,5,4370.88,21854.4
3700,2247,89,4,44683.55,178734.2
3701,2247,45,5,61762.25,308811.25
3702,2248,86,2,125829.12,251658.24
3703,2248,117,2,55435.62,110871.24
3704,2249,131,2,121800.97,243601.94
3705,2249,26,2,117769.79,235539.58
3706,2250,124,2,57918.74,115837.48
3707,2251,64,2,52312.74,104625.48
3708,2252,59,4,26355.94,105423.76
3709,2253,46,2,110301.06,220602.12
3710,2254,122,3,146572.15,439716.45
3711,2255,146,5,51396.21,256981.05
3712,2256,118,2,149132.67,298265.34
3713,2257,59,3,21856.28,65568.84
3714,2258,19,4,63993.43,255973.72
3715,2259,64,2,52312.74,104625.48
3716,2260,8,4,153724.96,614899.84
3717,2261,94,3,65101.38,195304.14
3718,2261,92,5,146769.5,733847.5
3719,2262,14,1,42831.62,42831.62
3720,2262,151,3,133381.57,400144.71
3721,2262,69,2,13077.56,26155.12
3722,2263,166,3,83859.94,251579.82
3723,2264,101,1,38104.37,38104.37
3724,2264,79,5,41734.88,208674.4
3725,2264,19,5,71103.81,355519.05
3726,2265,96,1,85014.36,85014.36
3727,2266,60,5,34746.84,173734.2
3728,2267,10,5,83253.62,416268.1
3729,2267,125,1,112921.84,112921.84
3730,2268,64,1,52312.74,52312.74
3731,2268,89,3,55854.44,167563.32
3732,2269,58,3,108878.7,326636.1
3733,2269,177,5,4807.97,24039.85
3734,2270,18,1,155415.22,155415.22
3735,2270,158,3,112290.32,336870.96
3736,2270,121,4,73925.22,295700.88
3737,2271,81,1,177856.96,177856.96
3738,2271,92,4,151769.5,607078.0
3739,2271,128,4,128131.18,512524.72
3740,2272,45,2,77202.81,154405.62
3741,2272,132,3,85959.54,257878.62
3742,2273,5,4,30519.87,122079.48
3743,2274,106,2,140111.54,280223.08
3744,2275,20,5,123410.16,617050.8
3745,2275,172,3,67580.44,202741.32
3746,2276,111,2,137195.14,274390.28
3747,2276,61,1,146502.63,146502.63
3748,2276,81,1,177856.96,177856.96
3749,2277,19,3,71103.81,213311.43
3750,2278,40,1,126296.7,126296.7
3751,2279,144,4,5420.38,21681.52
3752,2280,92,4,151769.5,607078.0
3753,2280,171,5,162902.46,814512.3
3754,2281,20,3,123410.16,370230.48
3755,2282,56,4,99569.48,398277.92
3756,2283,130,1,117631.35,117631.35
3757,2284,152,1,10725.57,10725.57
3758,2284,10,1,83253.62,83253.62
3759,2285,73,4,40202.34,160809.36
3760,2286,13,5,152184.79,760923.95
3761,2286,56,2,99569.48,199138.96
3762,2287,132,5,85959.54,429797.7
3763,2288,26,5,133552.69,667763.45
3764,2288,138,2,120780.24,241560.48
3765,2289,101,1,38104.37,38104.37
3766,2290,63,5,148234.94,741174.7
3767,2291,105,4,80081.22,320324.88
3768,2291,131,5,143295.26,716476.3
3769,2292,23,3,137964.41,413893.23
3770,2292,136,4,179459.35,717837.4
3771,2293,12,1,41331.53,41331.53
3772,2293,90,5,128030.23,640151.15
3773,2293,161,4,64346.87,257387.48
3774,2294,103,5,64455.07,322275.35
3775,2295,42,4,13118.25,52473.0
3776,2295,98,2,102822.62,205645.24
3777,2296,4,2,146269.19,292538.38
3778,2296,123,4,138306.49,553225.96
3779,2297,1,5,46345.86,231729.3
3780,2298,172,3,55415.96,166247.88
3781,2299,162,2,16977.4,33954.8
3782,2300,91,4,80142.97,320571.88
3783,2301,120,5,80962.98,404814.9
3784,2302,8,5,159724.96,798624.8
3785,2303,103,5,64455.07,322275.35
3786,2304,134,5,109857.31,549286.55
3787,2305,146,1,41116.97,41116.97
3788,2305,96,3,94460.4,283381.2
3789,2306,73,5,32161.87,160809.35
3790,2307,106,1,140111.54,140111.54
3791,2307,119,3,136244.22,408732.66
3792,2308,68,5,48085.88,240429.4
3793,2309,112,4,13470.44,53881.76
3794,2310,107,3,150039.39,450118.17
3795,2310,116,1,88703.15,88703.15
3796,2311,87,1,85468.6,85468.6
3797,2311,126,4,49842.36,199369.44
3798,2311,26,3,138552.69,415658.07
3799,2312,12,3,46331.53,138994.59
3800,2313,94,2,70101.38,140202.76
3801,2313,103,3,64455.07,193365.21
3802,2314,23,5,137964.41,689822.05
3803,2315,161,4,69346.87,277387.48
3804,2316,38,1,32437.07,32437.07
3805,2317,35,5,131893.81,659469.05
3806,2317,90,3,133030.23,399090.69
3807,2318,55,2,81204.89,162409.78
3808,2319,123,2,117560.52,235121.04
3809,2319,124,1,70329.9,70329.9
3810,2320,26,4,96986.88,387947.52
3811,2320,97,5,106080.46,530402.3
3812,2321,152,2,7507.9,15015.8
3813,2322,28,3,73621.64,220864.92
3814,2322,96,5,118075.5,590377.5
3815,2323,40,1,126296.7,126296.7
3816,2324,37,1,146019.94,146019.94
3817,2324,68,2,48085.88,96171.76
3818,2324,171,3,162902.46,488707.38
3819,2325,75,1,53230.19,53230.19
3820,2325,87,1,85468.6,85468.6
3821,2325,83,3,155484.6,466453.8
3822,2326,9,5,100679.83,503399.15
3823,2327,10,5,54114.85,270574.25
3824,2327,171,5,105886.6,529433.0
3825,2327,145,2,76469.0,152938.0
3826,2328,127,4,60246.09,240984.36
3827,2328,103,2,51564.06,103128.12
3828,2329,123,3,134306.49,402919.47
3829,2329,35,4,127893.81,511575.24
3830,2330,55,1,81204.89,81204.89
3831,2331,73,2,40202.34,80404.68
3832,2332,172,1,62580.44,62580.44
3833,2332,16,1,41653.07,41653.07
3834,2333,75,3,42584.15,127752.45
3835,2333,58,2,98980.64,197961.28
3836,2334,159,1,18997.14,18997.14
3837,2334,58,4,123725.8,494903.2
3838,2335,72,4,162796.58,651186.32
3839,2335,28,5,73621.64,368108.2
3840,2336,165,3,170306.71,510920.13
3841,2336,106,3,140111.54,420334.62
3842,2337,100,2,105427.2,210854.4
3843,2338,128,2,128131.18,256262.36
3844,2338,178,3,148567.86,445703.58
3845,2339,156,4,62925.34,251701.36
3846,2340,87,2,68374.88,136749.76
3847,2341,84,4,113934.47,455737.88
3848,2342,43,2,17179.73,34359.46
3849,2343,34,2,155899.1,311798.2
3850,2344,74,4,81262.28,325049.12
3851,2344,10,4,83253.62,333014.48
3852,2344,96,4,118075.5,472302.0
3853,2345,27,1,151420.65,151420.65
3854,2345,48,3,86541.59,259624.77
3855,2345,93,5,11858.7,59293.5
3856,2346,12,1,46331.53,46331.53
3857,2346,68,5,48085.88,240429.4
3858,2347,43,3,12025.81,36077.43
3859,2347,130,1,82341.94,82341.94
3860,2347,4,4,102388.43,409553.72
3861,2348,12,5,37065.22,185326.1
3862,2349,47,5,161436.24,807181.2
3863,2349,56,2,93569.48,187138.96
3864,2350,142,3,100211.88,300635.64
3865,2351,125,5,112921.84,564609.2
3866,2351,163,1,28331.84,28331.84
3867,2352,98,4,102822.62,411290.48
3868,2352,50,1,96622.5,96622.5
3869,2353,122,4,146572.15,586288.6
3870,2354,142,3,100211.88,300635.64
3871,2354,73,3,40202.34,120607.02
3872,2355,38,2,32437.07,64874.14
3873,2356,67,5,58186.62,290933.1
3874,2356,178,2,142567.86,285135.72
3875,2357,140,4,101495.01,405980.04
3876,2358,19,2,71103.81,142207.62
3877,2359,61,3,146502.63,439507.89
3878,2359,119,3,136244.22,408732.66
3879,2359,20,1,123410.16,123410.16
3880,2360,19,1,63993.43,63993.43
3881,2361,9,4,139833.1,559332.4
3882,2361,179,4,112659.8,450639.2
3883,2361,40,5,126296.7,631483.5
3884,2362,68,5,48085.88,240429.4
3885,2362,32,2,131033.4,262066.8
3886,2363,105,4,80081.22,320324.88
3887,2363,2,1,8625.53,8625.53
3888,2364,117,1,55435.62,55435.62
3889,2365,146,5,51396.21,256981.05
3890,2365,32,5,131033.4,655167.0
3891,2365,27,2,157420.65,314841.3
3892,2366,97,5,151543.51,757717.55
3893,2366,169,2,150412.49,300824.98
3894,2367,125,5,79045.29,395226.45
3895,2367,105,2,56056.85,112113.7
3896,2367,144,3,3794.27,11382.81
3897,2368,12,2,46331.53,92663.06
3898,2369,72,1,162796.58,162796.58
3899,2370,18,5,132102.94,660514.7
3900,2371,144,1,5420.38,5420.38
3901,2372,88,1,5811.44,5811.44
3902,2373,60,3,34746.84,104240.52
3903,2373,41,1,55517.29,55517.29
3904,2374,151,1,156919.5,156919.5
3905,2375,116,1,75397.68,75397.68
3906,2376,107,5,150039.39,750196.95
3907,2376,1,3,46345.86,139037.58
3908,2377,99,1,99434.53,99434.53
3909,2377,117,3,49892.06,149676.18
3910,2378,129,5,103392.76,516963.8
3911,2378,118,2,171450.2,342900.4
3912,2379,51,1,19916.24,19916.24
3913,2380,91,4,80142.97,320571.88
3914,2381,122,2,146572.15,293144.3
3915,2382,40,4,126296.7,505186.8
3916,2382,118,5,175450.2,877251.0
3917,2382,84,3,113934.47,341803.41
3918,2383,117,1,55435.62,55435.62
3919,2383,69,2,15385.36,30770.72
3920,2384,116,3,88703.15,266109.45
3921,2385,161,5,69346.87,346734.35
3922,2386,135,1,104995.72,104995.72
3923,2386,116,5,88703.15,443515.75
3924,2387,64,2,52312.74,104625.48
3925,2387,156,4,62925.34,251701.36
3926,2387,28,5,73621.64,368108.2
3927,2388,48,4,92541.59,370166.36
3928,2389,19,1,71103.81,71103.81
3929,2389,2,2,8625.53,17251.06
3930,2389,99,2,110482.81,220965.62
3931,2390,116,3,88703.15,266109.45
3932,2391,17,5,55000.16,275000.8
3933,2392,126,4,49842.36,199369.44
3934,2393,176,1,155244.89,155244.89
3935,2394,137,5,70277.61,351388.05
3936,2395,86,3,94371.84,283115.52
3937,2396,25,2,45634.27,91268.54
3938,2397,102,1,139729.12,139729.12
3939,2398,74,1,81262.28,81262.28
3940,2399,113,3,60118.63,180355.89
3941,2400,103,3,64455.07,193365.21
3942,2400,119,5,136244.22,681221.1
3943,2400,154,4,156936.96,627747.84
3944,2401,163,5,28331.84,141659.2
3945,2401,150,5,98328.76,491643.8
3946,2402,65,5,73743.07,368715.35
3947,2403,4,2,124328.81,248657.62
3948,2404,28,1,73621.64,73621.64
3949,2405,117,1,55435.62,55435.62
3950,2405,120,4,80962.98,323851.92
3951,2405,2,4,8625.53,34502.12
3952,2406,57,3,10403.71,31211.13
3953,2406,168,5,73057.62,365288.1
3954,2406,124,3,82741.06,248223.18
3955,2407,52,4,40281.45,161125.8
3956,2407,10,5,83253.62,416268.1
3957,2408,19,4,71103.81,284415.24
3958,2409,109,1,34463.43,34463.43
3959,2410,72,2,162796.58,325593.16
3960,2410,158,1,112290.32,112290.32
3961,2410,7,3,97912.37,293737.11
3962,2411,23,3,137964.41,413893.23
3963,2412,152,4,5725.57,22902.28
3964,2413,59,2,30355.94,60711.88
3965,2414,170,5,41763.8,208819.0
3966,2415,145,4,94115.69,376462.76
3967,2416,88,2,2457.16,4914.32
3968,2416,96,5,114075.5,570377.5
3969,2416,42,1,9118.25,9118.25
3970,2417,175,1,157060.26,157060.26
3971,2418,60,2,25017.72,50035.44
3972,2418,93,1,12858.26,12858.26
3973,2419,15,5,91363.93,456819.65
3974,2419,80,5,47108.1,235540.5
3975,2419,159,2,18997.14,37994.28
3976,2420,104,3,148552.57,445657.71
3977,2421,99,1,110482.81,110482.81
3978,2422,158,4,112290.32,449161.28
3979,2422,123,2,138306.49,276612.98
3980,2422,166,1,83859.94,83859.94
3981,2423,56,4,99569.48,398277.92
3982,2423,146,2,51396.21,102792.42
3983,2423,78,3,70964.19,212892.57
3984,2424,39,5,70078.24,350391.2
3985,2424,51,3,23430.87,70292.61
3986,2425,97,2,151543.51,303087.02
3987,2425,85,5,62445.01,312225.05
3988,2426,123,4,113411.32,453645.28
3989,2427,170,3,41763.8,125291.4
3990,2427,24,1,89483.21,89483.21
3991,2428,62,2,154971.01,309942.02
3992,2428,71,1,126405.89,126405.89
3993,2428,148,4,139763.5,559054.0
3994,2429,100,4,105427.2,421708.8
3995,2429,113,1,68316.62,68316.62
3996,2429,9,3,139833.1,419499.3
3997,2430,165,1,170306.71,170306.71
3998,2431,59,3,25802.55,77407.65
3999,2432,33,1,36702.55,36702.55
4000,2433,32,3,131033.4,393100.2
4001,2433,100,1,105427.2,105427.2
4002,2433,35,4,131893.81,527575.24
4003,2434,151,5,156919.5,784597.5
4004,2434,143,2,175246.99,350493.98
4005,2435,95,3,43652.06,130956.18
4006,2435,68,4,44085.88,176343.52
4007,2435,101,2,34104.37,68208.74
4008,2436,137,5,60222.09,301110.45
4009,2436,178,4,118854.29,475417.16
4010,2437,76,3,42761.4,128284.2
4011,2438,2,2,8625.53,17251.06
4012,2439,61,2,146502.63,293005.26
4013,2439,65,4,73743.07,294972.28
4014,2440,26,4,138552.69,554210.76
4015,2440,139,4,58669.54,234678.16
4016,2441,150,3,98328.76,294986.28
4017,2441,39,2,70078.24,140156.48
4018,2441,93,5,17858.7,89293.5
4019,2442,167,3,70501.48,211504.44
4020,2442,15,1,91363.93,91363.93
4021,2443,45,1,77202.81,77202.81
4022,2443,100,1,105427.2,105427.2
4023,2444,21,1,14784.07,14784.07
4024,2445,15,3,91363.93,274091.79
4025,2445,22,4,92859.66,371438.64
4026,2446,19,5,71103.81,355519.05
4027,2447,144,3,5420.38,16261.14
4028,2448,160,5,125838.21,629191.05
4029,2448,161,1,69346.87,69346.87
4030,2449,23,2,113130.82,226261.64
4031,2450,173,5,34088.29,170441.45
4032,2451,168,5,73057.62,365288.1
4033,2451,50,3,96622.5,289867.5
4034,2452,97,5,151543.51,757717.55
4035,2452,147,1,28601.63,28601.63
4036,2453,176,4,127300.81,509203.24
4037,2453,144,4,4444.71,17778.84
4038,2454,173,2,34088.29,68176.58
4039,2455,68,3,33660.12,100980.36
4040,2456,127,4,75307.61,301230.44
4041,2456,174,2,164687.19,329374.38
4042,2457,106,3,140111.54,420334.62
4043,2457,93,4,17858.7,71434.8
4044,2458,36,2,67571.77,135143.54
4045,2459,136,2,125621.54,251243.08
4046,2459,141,1,79244.34,79244.34
4047,2459,35,4,92325.67,369302.68
4048,2460,21,5,19333.02,96665.1
4049,2461,102,1,139729.12,139729.12
4050,2461,74,4,81262.28,325049.12
4051,2462,164,2,162106.81,324213.62
4052,2463,40,4,126296.7,505186.8
4053,2463,49,3,53442.77,160328.31
4054,2464,177,4,5463.6,21854.4
4055,2464,161,5,69346.87,346734.35
4056,2465,130,2,94105.08,188210.16
4057,2466,161,5,52010.15,260050.75
4058,2467,106,4,91072.5,364290.0
4059,2467,119,3,88558.74,265676.22
4060,2468,63,2,130446.75,260893.5
4061,2469,148,1,139763.5,139763.5
4062,2470,59,2,21249.16,42498.32
4063,2470,169,3,105288.74,315866.22
4064,2471,137,2,75277.61,150555.22
4065,2472,163,1,28331.84,28331.84
4066,2472,103,2,64455.07,128910.14
4067,2472,117,4,55435.62,221742.48
4068,2473,62,3,154971.01,464913.03
4069,2473,119,5,136244.22,681221.1
4070,2473,150,5,98328.76,491643.8
4071,2474,43,3,17179.73,51539.19
4072,2474,48,2,92541.59,185083.18
4073,2475,107,3,150039.39,450118.17
4074,2475,66,5,34606.5,173032.5
4075,2475,67,3,64186.62,192559.86
4076,2476,64,4,52312.74,209250.96
4077,2476,162,5,16977.4,84887.0
4078,2477,29,1,42771.43,42771.43
4079,2478,57,2,8843.15,17686.3
4080,2479,66,1,29606.5,29606.5
4081,2480,134,3,79097.26,237291.78
4082,2480,7,5,70496.91,352484.55
4083,2481,22,3,86859.66,260578.98
4084,2482,90,5,133030.23,665151.15
4085,2483,178,4,148567.86,594271.44
4086,2483,15,2,91363.93,182727.86
4087,2484,136,5,116648.58,583242.9
4088,2484,123,1,89899.22,89899.22
4089,2485,92,5,106238.65,531193.25
4090,2486,39,1,49054.77,49054.77
4091,2487,69,2,15385.36,30770.72
4092,2487,100,4,105427.2,421708.8
4093,2488,106,2,140111.54,280223.08
4094,2489,102,2,111783.3,223566.6
4095,2489,6,2,53231.48,106462.96
4096,2489,56,3,79655.58,238966.74
4097,2490,19,1,71103.81,71103.81
4098,2490,138,2,125780.24,251560.48
4099,2491,89,5,55854.44,279272.2
4100,2491,169,5,150412.49,752062.45
4101,2492,126,2,49842.36,99684.72
4102,2492,120,4,80962.98,323851.92
4103,2493,147,3,28601.63,85804.89
4104,2493,51,4,23430.87,93723.48
4105,2493,155,5,28515.51,142577.55
4106,2494,89,1,55854.44,55854.44
4107,2495,165,3,170306.71,510920.13
4108,2495,38,4,32437.07,129748.28
4109,2496,22,1,92859.66,92859.66
4110,2497,173,2,34088.29,68176.58
4111,2498,117,5,55435.62,277178.1
4112,2498,4,4,146269.19,585076.76
4113,2498,56,2,99569.48,199138.96
4114,2499,101,4,38104.37,152417.48
4115,2499,168,1,73057.62,73057.62
4116,2499,119,1,136244.22,136244.22
4117,2500,143,3,175246.99,525740.97
