id_envio,id_pedido,id_operador,region,tipo_envio,fecha_prevista,fecha_entrega_real
1,1,1,Alajuela,Estándar,2025-05-27,2025-05-26
2,2,4,Limón,Estándar,2026-01-01,2025-12-31
3,3,2,Puntarenas,Estándar,2026-05-19,2026-05-25
4,4,3,Alajuela,Express,2025-09-07,
5,5,1,Alajuela,Express,2025-07-15,2025-07-15
6,6,4,Heredia,Express,2025-04-23,2025-04-22
7,7,3,San José,Estándar,2026-07-27,2026-07-26
8,8,1,Guanacaste,Estándar,2025-01-05,2025-01-06
9,9,2,San José,Express,2025-09-23,2025-09-22
10,10,3,Puntarenas,Estándar,2025-08-17,2025-08-16
11,11,3,Limón,Estándar,2026-06-13,2026-06-12
12,12,1,Limón,Estándar,2026-04-08,2026-04-07
13,13,4,Heredia,Estándar,2026-04-02,2026-04-08
14,14,3,,Express,2026-03-26,2026-03-30
15,15,1,Heredia,Estándar,2026-05-17,2026-05-17
16,16,1,Cartago,Express,2025-08-24,2025-08-23
17,17,4,Alajuela,Express,2025-09-20,2025-09-19
18,18,3,Cartago,Express,2026-01-18,2026-01-17
19,19,4,Puntarenas,,2025-07-07,2025-07-07
20,20,3,Puntarenas,Estándar,2025-02-14,2025-02-20
21,21,3,Guanacaste,Estándar,2026-08-14,2026-08-13
22,22,3,Puntarenas,Express,2025-10-03,2025-10-02
23,23,3,Puntarenas,Express,2025-08-12,2025-08-14
24,24,1,Limón,Express,2025-08-10,2025-08-09
25,25,2,Puntarenas,Express,2026-09-02,2026-09-02
26,26,4,Guanacaste,Estándar,2025-05-12,2025-05-11
27,27,1,Guanacaste,,2025-10-21,2025-10-21
28,28,2,Alajuela,Express,2025-02-27,2025-03-02
29,29,2,Puntarenas,Express,2025-01-22,2025-01-22
30,30,1,Alajuela,Express,2025-12-31,2025-12-31
31,31,4,Alajuela,Estándar,2026-08-15,2026-08-15
32,32,1,San José,Express,2025-01-29,2025-01-28
33,33,1,Puntarenas,Express,2025-09-09,2025-09-10
34,34,2,Guanacaste,Estándar,2025-06-30,2025-06-29
35,35,3,Puntarenas,Express,2025-06-02,2025-06-01
36,36,3,San José,Estándar,2026-08-23,2026-08-23
37,37,4,Cartago,Estándar,2026-08-28,2026-08-27
38,38,3,Alajuela,Estándar,2026-04-29,2026-04-29
39,39,2,Heredia,Express,2025-05-07,2025-05-07
40,40,1,Heredia,Estándar,2026-05-03,2026-05-02
41,41,3,Limón,Express,2025-08-15,2025-08-15
42,42,4,Puntarenas,Express,2025-12-20,2025-12-19
43,43,4,Guanacaste,Express,2026-03-28,2026-03-28
44,44,3,Guanacaste,Express,2025-12-14,2025-12-20
45,45,1,Guanacaste,Estándar,2025-12-01,2025-12-07
46,46,4,Alajuela,Express,2025-05-08,2025-05-08
47,47,4,Cartago,Express,2026-08-13,2026-08-12
48,48,2,Heredia,Estándar,2026-06-09,2026-06-09
49,49,1,Puntarenas,Estándar,2025-09-23,2025-09-23
50,50,4,Alajuela,Estándar,2026-06-28,2026-06-27
51,51,3,,Estándar,2026-07-12,2026-07-12
52,52,1,Alajuela,Express,2026-04-07,2026-04-07
53,53,4,Puntarenas,Estándar,2026-05-20,2026-05-19
54,54,2,Puntarenas,Express,2026-08-22,2026-08-22
55,55,2,Heredia,Estándar,2026-07-24,
56,56,2,Cartago,Express,2026-04-06,2026-04-11
57,57,1,San José,Express,2026-02-01,2026-02-03
58,58,3,Limón,Estándar,2026-03-02,2026-03-02
59,59,2,Guanacaste,Express,2026-04-28,2026-04-29
60,60,4,Heredia,Estándar,2026-01-19,2026-01-18
61,61,2,Puntarenas,Estándar,2025-08-15,2025-08-14
62,62,3,San José,,2026-09-04,2026-09-04
63,63,3,Heredia,Express,2025-07-13,2025-07-13
64,64,4,Guanacaste,Express,2025-02-16,2025-02-16
65,65,4,Alajuela,Express,2025-02-24,2025-02-23
66,66,1,,Estándar,2025-11-29,2025-11-29
67,67,4,Guanacaste,Estándar,2025-12-07,2025-12-06
68,68,3,Puntarenas,,2026-09-01,2026-09-01
69,69,4,Heredia,,2025-11-24,2025-11-23
70,70,1,San José,,2026-05-26,2026-06-01
71,71,4,Heredia,Estándar,2026-03-21,2026-03-20
72,72,2,Limón,Estándar,2025-04-19,2025-04-18
73,73,4,Guanacaste,Estándar,2025-12-30,2025-12-29
74,74,1,Heredia,Estándar,2026-02-24,2026-02-24
75,75,2,Heredia,Estándar,2026-08-21,2026-08-26
76,76,3,Cartago,Estándar,2026-01-09,2026-01-09
77,77,1,Alajuela,Express,2025-02-01,2025-02-03
78,78,2,Guanacaste,Estándar,2026-05-25,
79,79,3,Cartago,Express,2025-05-07,2025-05-07
80,80,1,Limón,Express,2025-11-26,2025-11-26
81,81,3,Heredia,Express,2025-12-02,2025-12-02
82,82,1,Limón,Express,2025-08-26,2025-08-26
83,83,4,San José,Express,2025-03-11,2025-03-11
84,84,4,Alajuela,Estándar,2026-07-30,2026-08-04
85,85,1,Alajuela,Estándar,2025-06-07,
86,86,4,Heredia,Estándar,2025-03-03,2025-03-02
87,87,2,San José,,2026-06-19,
88,88,1,San José,Express,2026-08-05,2026-08-05
89,89,3,Limón,Express,2026-08-17,
90,90,1,Limón,Express,2025-12-01,2025-11-30
91,91,2,Puntarenas,Express,2026-08-22,2026-08-22
92,92,1,Guanacaste,Estándar,2026-06-19,2026-06-20
93,93,4,,Estándar,2026-08-14,2026-08-13
94,94,3,Heredia,Express,2026-08-29,2026-08-30
95,95,4,San José,Estándar,2025-04-18,
96,96,3,Guanacaste,Estándar,2026-06-27,2026-07-02
97,97,3,San José,Estándar,2025-09-08,2025-09-07
98,98,1,Puntarenas,Estándar,2026-01-20,2026-01-19
99,99,3,Guanacaste,Estándar,2025-08-12,2025-08-11
100,100,2,Heredia,Estándar,2025-05-05,2025-05-04
101,101,2,Heredia,Express,2025-08-31,2025-08-31
102,102,3,Puntarenas,Express,2026-07-13,2026-07-12
103,103,4,Cartago,Express,2025-11-04,2025-11-03
104,104,1,Alajuela,Estándar,2026-01-18,2026-01-18
105,105,4,San José,Estándar,2026-09-06,2026-09-10
106,106,3,San José,Express,2025-09-07,2025-09-10
107,107,3,Guanacaste,Express,2026-03-01,2026-02-28
108,108,1,Limón,Estándar,2025-03-13,2025-03-12
109,109,3,Cartago,Express,2025-12-18,2025-12-17
110,110,2,Heredia,Express,2025-10-06,2025-10-06
111,111,1,Guanacaste,Estándar,2026-08-19,2026-08-20
112,112,4,Guanacaste,Estándar,2026-01-28,
113,113,2,Guanacaste,Express,2025-12-02,2025-12-03
114,114,2,Puntarenas,Estándar,2026-05-20,2026-05-24
115,115,4,Cartago,Estándar,2025-06-30,2025-07-02
116,116,3,Alajuela,Express,2025-05-22,2025-05-22
117,117,1,Limón,Express,2025-10-23,2025-10-22
118,118,4,San José,Express,2025-02-10,
119,119,3,Limón,Estándar,2026-08-14,2026-08-18
120,120,4,Alajuela,Estándar,2025-08-24,
121,121,2,Limón,Estándar,2026-04-29,2026-04-28
122,122,4,Cartago,Express,2025-08-03,2025-08-03
123,123,2,San José,Express,2026-02-28,2026-02-27
124,124,3,Heredia,Estándar,2026-08-05,2026-08-04
125,125,2,Alajuela,Express,2025-07-01,2025-06-30
126,126,3,Heredia,Estándar,2026-04-24,2026-04-24
127,127,3,Limón,Express,2026-08-18,2026-08-17
128,128,4,,Estándar,2026-02-01,2026-02-02
129,129,1,Alajuela,Express,2026-08-19,2026-08-21
130,130,2,Puntarenas,Express,2025-04-27,2025-04-26
131,131,3,Limón,Express,2025-12-03,2025-12-02
132,132,2,Alajuela,Express,2025-03-09,2025-03-10
133,133,4,Limón,Estándar,2025-04-15,2025-04-14
134,134,3,Guanacaste,Express,2025-03-14,2025-03-14
135,135,3,Cartago,Express,2026-04-07,2026-04-07
136,136,3,Alajuela,Estándar,2025-12-12,2025-12-11
137,137,3,Puntarenas,Express,2025-12-21,2025-12-21
138,138,3,San José,Express,2025-09-19,2025-09-18
139,139,2,Guanacaste,Estándar,2026-03-09,2026-03-08
140,140,2,San José,Express,2026-04-04,2026-04-06
141,141,2,Limón,Express,2026-07-09,2026-07-09
142,142,2,Guanacaste,Express,2026-08-05,2026-08-05
143,143,1,Heredia,Express,2026-08-29,2026-08-28
144,144,1,Puntarenas,Estándar,2026-07-22,2026-07-21
145,145,3,Cartago,Estándar,2025-06-06,2025-06-06
146,146,4,Puntarenas,Estándar,2025-05-31,2025-06-02
147,147,3,Heredia,Estándar,2026-05-10,2026-05-10
148,148,2,Limón,Estándar,2026-07-08,2026-07-07
149,149,3,Puntarenas,Express,2026-08-22,2026-08-21
150,150,2,Limón,Express,2025-11-09,2025-11-09
151,151,3,Heredia,Express,2026-05-18,
152,152,3,Puntarenas,Estándar,2026-07-05,2026-07-09
153,153,3,Cartago,Express,2026-06-17,2026-06-16
154,154,2,Alajuela,Express,2026-03-02,2026-03-01
155,155,3,Puntarenas,Estándar,2026-04-14,2026-04-14
156,156,3,Guanacaste,Estándar,2026-05-14,2026-05-16
157,157,4,Puntarenas,Express,2025-12-17,2025-12-16
158,158,1,Alajuela,Express,2025-12-27,2025-12-26
159,159,1,Heredia,Estándar,2025-03-06,2025-03-06
160,160,3,Guanacaste,Estándar,2025-01-10,2025-01-09
161,161,1,Alajuela,Estándar,2026-03-04,2026-03-03
162,162,1,Puntarenas,Express,2026-06-22,2026-06-22
163,163,4,Heredia,Estándar,2025-11-13,2025-11-13
164,164,3,Cartago,Express,2025-03-26,2025-03-26
165,165,3,Alajuela,Express,2025-03-01,2025-03-01
166,166,4,Guanacaste,Express,2026-08-04,2026-08-03
167,167,2,Alajuela,Express,2026-04-01,
168,168,4,Limón,Estándar,2025-02-07,2025-02-06
169,169,4,San José,Estándar,2026-04-22,
170,170,4,Cartago,Estándar,2025-09-30,2025-09-30
171,171,4,Limón,Estándar,2025-02-25,2025-02-24
172,172,3,Alajuela,Express,2026-06-02,2026-06-01
173,173,2,Cartago,Express,2025-10-31,2025-10-30
174,174,2,Heredia,Express,2026-06-04,2026-06-03
175,175,1,Limón,Estándar,2025-10-08,2025-10-07
176,176,1,Limón,Express,2025-02-04,2025-02-03
177,177,2,Heredia,Express,2026-06-28,2026-06-27
178,178,2,Puntarenas,,2025-05-25,2025-05-26
179,179,3,Alajuela,Estándar,2026-05-15,2026-05-21
180,180,4,Heredia,Express,2026-04-15,2026-04-19
181,181,1,Guanacaste,Estándar,2026-03-29,2026-03-28
182,182,1,Limón,Estándar,2025-12-03,2025-12-04
183,183,1,Puntarenas,Estándar,2026-05-21,2026-05-20
184,184,1,San José,Express,2025-09-14,2025-09-13
185,185,1,Alajuela,Estándar,2025-08-07,2025-08-06
186,186,1,San José,Express,2025-11-09,2025-11-09
187,187,1,Limón,,2026-05-09,2026-05-08
188,188,3,San José,Express,2026-08-27,
189,189,3,Cartago,Estándar,2026-08-22,2026-08-21
190,190,3,Heredia,Express,2025-09-12,2025-09-13
191,191,4,Puntarenas,Express,2026-04-21,2026-04-25
192,192,2,San José,Express,2025-06-11,2025-06-11
193,193,3,Puntarenas,Express,2026-08-17,2026-08-16
194,194,2,Heredia,Estándar,2026-05-18,2026-05-18
195,195,4,Limón,Estándar,2025-08-11,2025-08-11
196,196,2,Alajuela,Express,2026-07-29,2026-07-28
197,197,3,San José,Express,2026-02-11,2026-02-10
198,198,4,Alajuela,Express,2025-12-31,2025-12-30
199,199,3,Limón,Estándar,2026-05-30,2026-06-03
200,200,2,Guanacaste,Express,2025-06-27,2025-06-26
201,201,2,Guanacaste,Express,2025-02-11,2025-02-11
202,202,2,San José,Express,2026-08-14,2026-08-13
203,203,2,Alajuela,Express,2025-04-13,2025-04-16
204,204,2,Guanacaste,Estándar,2026-08-01,2026-07-31
205,205,3,Guanacaste,,2026-04-04,2026-04-04
206,206,3,Alajuela,Express,2026-07-17,2026-07-17
207,207,1,Cartago,Estándar,2026-03-22,2026-03-21
208,208,3,Cartago,Express,2026-08-29,2026-08-28
209,209,3,Cartago,,2025-07-15,2025-07-15
210,210,1,Guanacaste,Estándar,2026-07-16,2026-07-16
211,211,2,San José,Estándar,2026-08-14,2026-08-13
212,212,3,Puntarenas,Estándar,2026-08-29,2026-08-28
213,213,3,Heredia,Express,2026-02-28,
214,214,2,San José,Estándar,2025-02-02,2025-02-02
215,215,3,Cartago,Estándar,2026-04-11,2026-04-11
216,216,1,San José,Express,2026-01-15,2026-01-16
217,217,2,Alajuela,Estándar,2025-10-23,2025-10-22
218,218,2,Puntarenas,Express,2025-08-14,2025-08-20
219,219,3,Limón,Express,2025-05-15,2025-05-14
220,220,3,,Express,2026-07-27,2026-07-26
221,221,3,San José,Estándar,2026-01-01,
222,222,2,Guanacaste,Express,2025-12-01,2025-12-02
223,223,4,Puntarenas,Express,2026-07-25,2026-07-29
224,224,1,Alajuela,Express,2025-01-12,2025-01-12
225,225,4,Cartago,Express,2025-02-12,2025-02-12
226,226,3,Alajuela,Estándar,2025-12-14,2025-12-20
227,227,4,Puntarenas,Estándar,2026-04-23,2026-04-24
228,228,4,Limón,Estándar,2026-03-05,2026-03-05
229,229,4,Guanacaste,Express,2025-11-20,2025-11-19
230,230,1,Puntarenas,Estándar,2025-02-02,2025-02-02
231,231,1,Puntarenas,Estándar,2025-03-10,2025-03-10
232,232,2,Cartago,Express,2026-09-03,2026-09-02
233,233,2,Puntarenas,Express,2026-08-24,2026-08-24
234,234,2,Heredia,Estándar,2025-09-15,2025-09-14
235,235,4,Guanacaste,Express,2025-12-04,2025-12-10
236,236,3,Puntarenas,Estándar,2026-05-16,2026-05-20
237,237,2,Puntarenas,Express,2025-03-10,2025-03-13
238,238,1,San José,Express,2025-12-31,2025-12-31
239,239,1,Heredia,Estándar,2025-01-14,2025-01-15
240,240,2,Guanacaste,Express,2025-10-04,2025-10-09
241,241,4,Puntarenas,Express,2025-09-28,2025-09-28
242,242,3,Limón,Express,2026-08-05,2026-08-05
243,243,1,Cartago,Express,2025-01-05,2025-01-05
244,244,2,Heredia,Express,2025-07-04,2025-07-03
245,245,1,Heredia,Estándar,2025-06-20,2025-06-20
246,246,3,Heredia,Estándar,2026-09-03,2026-09-09
247,247,1,Puntarenas,Estándar,2026-02-17,2026-02-16
248,248,4,San José,Estándar,2026-04-26,2026-04-25
249,249,2,Limón,Express,2025-06-12,2025-06-11
250,250,2,Puntarenas,Estándar,2026-01-24,2026-01-24
251,251,2,Cartago,Express,2025-03-05,2025-03-11
252,252,3,Heredia,Express,2026-01-19,2026-01-19
253,253,1,Guanacaste,Express,2026-07-22,2026-07-22
254,254,3,Guanacaste,Estándar,2026-08-01,
255,255,2,Heredia,Estándar,2025-02-27,2025-02-26
256,256,4,Cartago,Express,2025-08-10,2025-08-09
257,257,1,Heredia,Express,2025-06-18,2025-06-17
258,258,3,Guanacaste,Express,2026-03-13,2026-03-12
259,259,3,Cartago,Estándar,2025-06-14,2025-06-14
260,260,1,Cartago,Estándar,2025-05-29,2025-05-28
261,261,2,Heredia,Estándar,2025-06-30,2025-06-30
262,262,4,Limón,Estándar,2026-09-05,2026-09-05
263,263,4,Alajuela,Express,2025-09-17,2025-09-19
264,264,4,Puntarenas,Estándar,2025-07-13,2025-07-12
265,265,2,Cartago,Estándar,2025-06-16,2025-06-16
266,266,3,Alajuela,Estándar,2026-06-26,2026-06-25
267,267,3,Puntarenas,Estándar,2026-02-06,2026-02-05
268,268,1,Alajuela,Estándar,2025-02-06,2025-02-06
269,269,4,Puntarenas,Express,2026-08-23,2026-08-23
270,270,3,Limón,Express,2025-10-29,2025-11-01
271,271,4,Alajuela,Estándar,2025-07-01,2025-06-30
272,272,4,Guanacaste,Estándar,2026-08-09,2026-08-08
273,273,2,Guanacaste,Express,2025-05-06,2025-05-05
274,274,2,San José,Express,2025-09-15,2025-09-21
275,275,4,Limón,Estándar,2025-09-15,2025-09-15
276,276,4,Puntarenas,Estándar,2026-02-12,2026-02-11
277,277,2,Heredia,Express,2026-08-11,2026-08-11
278,278,4,Guanacaste,Estándar,2025-07-03,2025-07-08
279,279,2,Alajuela,Estándar,2026-02-07,
280,280,3,Limón,Express,2025-09-18,2025-09-17
281,281,2,Cartago,Express,2025-11-27,2025-11-27
282,282,3,Cartago,Express,2025-02-28,2025-02-28
283,283,1,Alajuela,Express,2026-03-08,2026-03-08
284,284,4,Heredia,Estándar,2026-05-08,2026-05-07
285,285,4,Puntarenas,Estándar,2025-02-07,2025-02-07
286,286,3,Guanacaste,Estándar,2025-04-21,2025-04-21
287,287,1,San José,Express,2025-11-27,2025-11-26
288,288,4,Limón,Express,2026-08-20,2026-08-19
289,289,2,Guanacaste,Express,2025-12-04,2025-12-04
290,290,1,Guanacaste,Express,2025-02-27,2025-02-27
291,291,1,Cartago,Estándar,2026-08-04,
292,292,4,Puntarenas,Express,2026-05-15,2026-05-15
293,293,2,Alajuela,Express,2025-08-05,2025-08-05
294,294,3,Cartago,Estándar,2026-07-25,2026-07-24
295,295,4,Guanacaste,Estándar,2026-05-06,2026-05-06
296,296,3,Limón,Estándar,2026-07-28,2026-07-28
297,297,2,San José,Express,2026-08-14,2026-08-14
298,298,3,Cartago,Estándar,2026-08-26,2026-08-25
299,299,3,San José,Estándar,2025-02-13,2025-02-13
300,300,4,Alajuela,Estándar,2025-09-15,
301,301,2,Cartago,Estándar,2026-01-30,2026-01-29
302,302,1,Heredia,Express,2026-01-02,2026-01-02
303,303,4,Guanacaste,Express,2025-12-12,
304,304,1,San José,Estándar,2025-05-12,2025-05-11
305,305,4,Puntarenas,Estándar,2026-01-21,2026-01-21
306,306,1,Guanacaste,Estándar,2026-05-14,2026-05-14
307,307,4,,Estándar,2026-07-31,2026-07-31
308,308,2,Limón,Express,2025-12-29,2025-12-28
309,309,1,Cartago,Estándar,2025-02-03,2025-02-02
310,310,3,Heredia,Express,2026-07-01,2026-07-02
311,311,2,Puntarenas,Estándar,2025-09-26,2025-09-25
312,312,3,Guanacaste,Express,2025-09-14,
313,313,4,Heredia,Estándar,2026-09-05,2026-09-04
314,314,2,Limón,Estándar,2025-12-16,2025-12-15
315,315,4,Guanacaste,Express,2025-06-29,2025-06-28
316,316,3,Alajuela,Estándar,2026-01-21,2026-01-21
317,317,4,San José,Express,2026-08-23,2026-08-22
318,318,3,Cartago,Express,2025-12-14,
319,319,4,Puntarenas,Express,2025-02-16,2025-02-16
320,320,2,Puntarenas,Estándar,2026-08-14,2026-08-20
321,321,1,Heredia,Estándar,2025-12-28,2025-12-28
322,322,1,San José,Estándar,2025-04-20,2025-04-20
323,323,2,Guanacaste,Estándar,2025-11-14,2025-11-20
324,324,3,Puntarenas,Estándar,2026-04-30,2026-04-30
325,325,2,Cartago,Express,2026-05-29,2026-05-28
326,326,1,Puntarenas,Express,2025-05-23,2025-05-22
327,327,3,Cartago,Estándar,2026-08-28,2026-08-29
328,328,4,,Estándar,2025-01-08,2025-01-07
329,329,1,Puntarenas,Express,2026-08-16,2026-08-21
330,330,1,Heredia,Express,2025-02-09,2025-02-15
331,331,2,Guanacaste,Express,2026-08-19,2026-08-24
332,332,1,Limón,Express,2025-11-12,2025-11-12
333,333,4,Heredia,Express,2026-06-22,2026-06-21
334,334,4,Guanacaste,Estándar,2026-01-24,2026-01-23
335,335,3,Heredia,Estándar,2025-05-19,2025-05-18
336,336,3,Limón,Express,2025-04-04,2025-04-03
337,337,4,Cartago,Estándar,2025-12-30,2025-12-29
338,338,4,Cartago,Express,2025-07-31,2025-07-31
339,339,4,Limón,Estándar,2025-05-24,2025-05-30
340,340,4,Puntarenas,Express,2025-09-18,2025-09-18
341,341,2,Heredia,Express,2026-03-29,2026-03-29
342,342,1,Cartago,Express,2025-01-09,
343,343,3,San José,Express,2025-04-16,
344,344,3,Alajuela,Express,2025-04-14,2025-04-13
345,345,3,Heredia,Express,2025-04-09,
346,346,4,Heredia,Estándar,2026-03-29,2026-03-29
347,347,1,Puntarenas,Express,2026-07-29,2026-07-28
348,348,1,Cartago,Express,2025-06-21,2025-06-20
349,349,3,Alajuela,Estándar,2026-09-03,2026-09-02
350,350,1,Guanacaste,Estándar,2025-02-01,
351,351,1,Cartago,Express,2025-04-27,
352,352,4,Cartago,Estándar,2026-06-26,2026-07-01
353,353,2,Cartago,Estándar,2025-04-13,2025-04-17
354,354,1,Guanacaste,Estándar,2026-04-17,
355,355,4,Guanacaste,Estándar,2026-08-25,
356,356,4,Cartago,Estándar,2026-06-03,2026-06-02
357,357,4,Guanacaste,Express,2025-04-03,
358,358,4,Cartago,Express,2025-02-07,2025-02-07
359,359,2,Limón,Express,2026-06-08,2026-06-08
360,360,2,Alajuela,Estándar,2026-05-04,2026-05-03
361,361,2,Cartago,Estándar,2026-08-19,2026-08-25
362,362,2,Heredia,Estándar,2026-08-07,2026-08-06
363,363,4,Heredia,Express,2025-08-17,
364,364,3,Puntarenas,Estándar,2026-08-29,2026-08-29
365,365,1,Cartago,Express,2025-08-10,2025-08-09
366,366,1,Limón,Estándar,2025-05-17,2025-05-16
367,367,4,Puntarenas,Express,2025-09-13,2025-09-12
368,368,2,,Estándar,2026-08-23,2026-08-26
369,369,3,Limón,Estándar,2025-12-07,2025-12-07
370,370,3,Alajuela,Express,2025-11-29,2025-11-29
371,371,3,Limón,Express,2026-07-02,2026-07-08
372,372,4,,Express,2025-12-28,2025-12-28
373,373,2,Guanacaste,,2025-11-01,2025-11-01
374,374,4,Puntarenas,Express,2026-08-25,
375,375,2,Guanacaste,Estándar,2026-01-31,2026-01-30
376,376,2,Heredia,Express,2025-07-29,2025-07-29
377,377,2,Limón,Estándar,2026-08-04,2026-08-03
378,378,1,Alajuela,Express,2026-07-22,2026-07-26
379,379,4,Heredia,Express,2025-12-29,2026-01-03
380,380,2,Heredia,Express,2026-08-25,2026-08-24
381,381,4,Alajuela,Express,2025-11-30,2025-11-30
382,382,2,Limón,Estándar,2025-03-04,2025-03-06
383,383,4,Cartago,Express,2026-04-03,2026-04-03
384,384,2,Cartago,Estándar,2026-08-19,
385,385,4,Heredia,Express,2026-01-21,2026-01-20
386,386,2,Puntarenas,Express,2025-04-11,2025-04-12
387,387,3,Guanacaste,Estándar,2025-08-11,
388,388,3,San José,Express,2025-03-17,2025-03-16
389,389,4,San José,Estándar,2025-08-18,2025-08-17
390,390,1,Puntarenas,Estándar,2026-02-24,2026-02-23
391,391,3,Guanacaste,Express,2025-06-06,2025-06-06
392,392,2,Heredia,Estándar,2025-12-16,2025-12-16
393,393,4,Heredia,Express,2025-02-25,2025-02-25
394,394,4,Limón,Estándar,2026-08-12,
395,395,3,Limón,Estándar,2025-12-07,2025-12-06
396,396,2,Heredia,Estándar,2026-03-11,
397,397,4,San José,Estándar,2025-12-03,2025-12-02
398,398,2,Cartago,Estándar,2025-09-16,2025-09-15
399,399,4,Heredia,Estándar,2025-09-02,2025-09-01
400,400,1,Limón,Estándar,2025-11-14,2025-11-19
401,401,3,Puntarenas,Express,2025-11-26,2025-11-30
402,402,3,Heredia,Express,2025-12-07,
403,403,4,Heredia,Estándar,2026-05-15,2026-05-15
404,404,2,Heredia,Estándar,2025-03-25,2025-03-24
405,405,4,Cartago,Estándar,2026-03-13,2026-03-13
406,406,3,Heredia,Express,2025-12-18,2025-12-18
407,407,1,Cartago,Estándar,2025-12-29,2025-12-28
408,408,2,Limón,Estándar,2025-06-04,2025-06-03
409,409,1,Limón,Express,2025-01-30,2025-01-30
410,410,4,Heredia,Express,2026-06-21,2026-06-26
411,411,4,Heredia,Express,2025-06-29,2025-07-01
412,412,4,Limón,Express,2025-03-09,2025-03-09
413,413,3,Puntarenas,Express,2026-04-17,2026-04-20
414,414,3,Puntarenas,Express,2025-09-13,2025-09-19
415,415,3,Puntarenas,Express,2025-08-05,2025-08-05
416,416,2,Alajuela,Estándar,2026-08-18,2026-08-18
417,417,3,Puntarenas,Estándar,2025-08-13,2025-08-13
418,418,2,Limón,Express,2025-09-18,
419,419,2,Alajuela,Estándar,2026-03-12,2026-03-12
420,420,1,Guanacaste,Express,2025-07-15,2025-07-14
421,421,1,Heredia,Estándar,2026-05-06,
422,422,3,,Express,2025-05-15,
423,423,3,Cartago,Estándar,2026-05-09,2026-05-15
424,424,4,Heredia,Estándar,2026-08-18,2026-08-17
425,425,3,Limón,Express,2026-07-13,2026-07-13
426,426,2,Alajuela,Express,2026-06-19,2026-06-18
427,427,2,Puntarenas,Estándar,2026-01-05,2026-01-05
428,428,1,Heredia,Express,2025-11-28,2025-11-27
429,429,1,Guanacaste,Express,2026-03-19,2026-03-19
430,430,2,Alajuela,Express,2026-07-27,2026-07-27
431,431,2,Heredia,Estándar,2026-02-27,2026-02-27
432,432,2,San José,Express,2025-01-08,2025-01-08
433,433,4,,Express,2025-03-04,2025-03-03
434,434,1,Puntarenas,Express,2026-03-14,2026-03-14
435,435,4,Limón,Estándar,2026-09-04,2026-09-03
436,436,3,Puntarenas,Estándar,2025-11-29,2025-11-29
437,437,2,Guanacaste,Express,2026-02-10,2026-02-09
438,438,4,Limón,Express,2026-07-28,
439,439,4,Heredia,Express,2026-08-14,2026-08-13
440,440,3,Puntarenas,Express,2025-02-12,
441,441,4,Limón,Estándar,2025-09-09,2025-09-09
442,442,2,Guanacaste,Express,2026-08-17,2026-08-20
443,443,2,Limón,Estándar,2025-02-05,2025-02-05
444,444,4,Guanacaste,Express,2026-07-22,2026-07-21
445,445,3,Guanacaste,Express,2025-09-24,2025-09-25
446,446,4,Cartago,Estándar,2025-10-02,2025-10-03
447,447,4,Limón,Express,2025-05-04,
448,448,2,Guanacaste,Express,2025-02-14,2025-02-13
449,449,2,Cartago,Express,2025-12-23,2025-12-22
450,450,2,,Express,2025-02-05,2025-02-04
451,451,2,Alajuela,Estándar,2026-07-28,2026-07-27
452,452,2,Puntarenas,Estándar,2025-11-30,
453,453,1,,Estándar,2025-08-10,2025-08-10
454,454,2,San José,Estándar,2026-08-30,2026-08-30
455,455,3,Cartago,Estándar,2026-01-28,2026-01-27
456,456,4,Guanacaste,Estándar,2025-05-22,2025-05-22
457,457,3,Limón,Estándar,2025-09-18,2025-09-21
458,458,2,Cartago,Estándar,2025-04-20,2025-04-19
459,459,3,Heredia,Express,2025-09-22,2025-09-21
460,460,1,Guanacaste,Estándar,2026-07-10,2026-07-15
461,461,4,Puntarenas,Express,2025-10-13,2025-10-16
462,462,1,Limón,Estándar,2025-12-16,2025-12-16
463,463,4,San José,Estándar,2025-03-05,2025-03-05
464,464,3,Cartago,Express,2026-01-08,2026-01-08
465,465,1,Guanacaste,Estándar,2026-08-06,2026-08-11
466,466,3,Limón,Estándar,2025-04-11,2025-04-11
467,467,3,Puntarenas,Express,2025-03-29,2025-03-28
468,468,2,Heredia,Estándar,2026-08-10,2026-08-10
469,469,1,Limón,Estándar,2026-03-07,
470,470,4,Cartago,Express,2026-07-09,2026-07-09
471,471,3,Puntarenas,Estándar,2026-07-06,2026-07-05
472,472,3,Alajuela,Estándar,2025-12-16,2025-12-15
473,473,4,Limón,Express,2025-06-27,2025-06-26
474,474,4,Limón,Estándar,2025-02-25,2025-02-25
475,475,2,Heredia,Express,2026-02-06,2026-02-12
476,476,3,Limón,Estándar,2025-10-08,2025-10-08
477,477,4,San José,Express,2026-05-17,2026-05-20
478,478,4,San José,Estándar,2025-08-04,2025-08-04
479,479,1,Limón,Express,2026-01-01,2025-12-31
480,480,3,Puntarenas,Express,2025-12-21,2025-12-20
481,481,2,Guanacaste,Express,2025-06-11,2025-06-11
482,482,4,Guanacaste,Estándar,2026-09-02,2026-09-08
483,483,3,Limón,Express,2025-04-08,2025-04-09
484,484,2,Heredia,Estándar,2025-12-03,2025-12-02
485,485,2,Guanacaste,Estándar,2025-02-26,
486,486,2,Puntarenas,Express,2026-08-24,2026-08-23
487,487,3,Heredia,Estándar,2026-08-19,2026-08-18
488,488,3,Limón,Express,2025-12-15,2025-12-14
489,489,2,Puntarenas,Estándar,2025-06-29,2025-06-28
490,490,4,Limón,Express,2025-08-04,2025-08-03
491,491,2,Guanacaste,,2026-08-01,2026-07-31
492,492,4,Puntarenas,Express,2025-10-10,
493,493,3,Alajuela,Estándar,2025-12-03,2025-12-03
494,494,4,Alajuela,Express,2025-01-17,2025-01-17
495,495,3,Heredia,Express,2026-06-22,2026-06-22
496,496,2,Limón,Estándar,2025-09-13,2025-09-12
497,497,4,Limón,Estándar,2025-09-21,2025-09-21
498,498,2,Limón,Estándar,2025-02-26,2025-03-03
499,499,2,San José,Estándar,2025-03-08,2025-03-08
500,500,1,Puntarenas,Estándar,2026-06-29,2026-06-29
501,501,3,Alajuela,Estándar,2025-12-06,2025-12-06
502,502,3,Heredia,Express,2026-06-05,2026-06-05
503,503,1,Cartago,Express,2025-04-19,2025-04-18
504,504,4,Cartago,Estándar,2026-04-04,2026-04-04
505,505,2,Cartago,Express,2026-03-18,2026-03-20
506,506,3,San José,Express,2025-12-05,2025-12-05
507,507,1,Alajuela,Estándar,2026-07-24,2026-07-24
508,508,3,Puntarenas,Express,2025-01-26,2025-01-25
509,509,2,Limón,,2025-01-31,2025-01-30
510,510,2,Puntarenas,Estándar,2025-09-18,2025-09-17
511,511,2,Puntarenas,Express,2026-08-16,2026-08-15
512,512,1,,Estándar,2025-12-13,2025-12-12
513,513,2,San José,Estándar,2025-01-17,2025-01-17
514,514,3,Limón,Express,2026-05-31,2026-06-06
515,515,1,Cartago,Estándar,2026-08-17,2026-08-21
516,516,2,Guanacaste,Express,2025-11-29,2025-12-02
517,517,4,Puntarenas,Estándar,2025-11-13,2025-11-14
518,518,1,Alajuela,Estándar,2025-12-05,2025-12-04
519,519,3,Alajuela,Estándar,2026-06-01,2026-06-01
520,520,2,Alajuela,Estándar,2025-02-07,2025-02-09
521,521,2,Heredia,Estándar,2025-12-01,2025-11-30
522,522,2,San José,Estándar,2025-06-04,
523,523,2,Cartago,Express,2025-01-26,2025-01-26
524,524,1,Heredia,Estándar,2025-05-30,2025-05-29
525,525,1,,Express,2025-04-14,2025-04-14
526,526,4,Cartago,Express,2025-11-29,2025-11-28
527,527,1,Heredia,Estándar,2026-08-07,2026-08-08
528,528,2,Alajuela,Estándar,2026-07-02,2026-07-05
529,529,3,Puntarenas,Estándar,2026-08-15,2026-08-15
530,530,3,San José,Express,2025-11-07,2025-11-11
531,531,2,Puntarenas,Express,2026-06-06,
532,532,3,Guanacaste,Estándar,2025-06-18,2025-06-18
533,533,1,Limón,Express,2025-12-19,2025-12-18
534,534,3,Guanacaste,Estándar,2026-08-22,2026-08-21
535,535,2,Alajuela,Express,2025-05-31,2025-05-30
536,536,3,Puntarenas,Estándar,2026-06-24,2026-06-24
537,537,2,Heredia,Estándar,2026-07-28,2026-07-28
538,538,3,San José,Estándar,2026-06-24,2026-06-25
539,539,2,Puntarenas,Express,2025-12-28,2025-12-27
540,540,4,Heredia,Express,2026-07-14,2026-07-14
541,541,4,Alajuela,Express,2025-08-18,2025-08-17
542,542,1,Puntarenas,Estándar,2026-06-25,2026-06-24
543,543,2,San José,Estándar,2026-01-30,2026-01-29
544,544,3,San José,Estándar,2025-06-30,
545,545,3,Limón,Express,2025-05-26,2025-05-26
546,546,2,Cartago,Estándar,2025-04-23,
547,547,3,Limón,Express,2025-04-28,2025-04-29
548,548,4,Puntarenas,,2026-07-29,2026-07-28
549,549,1,Heredia,Express,2025-12-02,2025-12-02
550,550,4,Guanacaste,Estándar,2026-01-31,2026-01-30
551,551,4,Limón,Express,2026-06-28,2026-06-29
552,552,1,Limón,Estándar,2025-12-11,2025-12-10
553,553,1,Puntarenas,Express,2025-07-29,2025-08-02
554,554,1,Heredia,Estándar,2026-05-26,2026-05-25
555,555,4,Cartago,Express,2025-01-09,2025-01-09
556,556,2,Cartago,Express,2025-01-18,2025-01-17
557,557,4,Puntarenas,Estándar,2025-02-23,2025-02-22
558,558,3,Heredia,Estándar,2026-07-31,2026-07-31
559,559,2,Heredia,Express,2026-01-01,2025-12-31
560,560,4,Alajuela,Express,2026-06-24,2026-06-27
561,561,3,Guanacaste,Express,2025-10-24,2025-10-23
562,562,1,San José,Estándar,2026-05-27,2026-05-26
563,563,2,Heredia,Express,2025-02-22,2025-02-21
564,564,2,Alajuela,Estándar,2026-03-06,2026-03-11
565,565,2,Puntarenas,Estándar,2026-08-27,2026-08-27
566,566,3,Alajuela,Estándar,2025-12-07,2025-12-06
567,567,4,Guanacaste,Estándar,2025-02-06,2025-02-06
568,568,4,Puntarenas,Estándar,2026-07-07,
569,569,2,Alajuela,Express,2026-06-29,2026-06-28
570,570,3,San José,Estándar,2026-01-03,2026-01-03
571,571,3,Heredia,Express,2026-04-11,2026-04-10
572,572,1,Alajuela,Express,2025-02-04,2025-02-09
573,573,2,Guanacaste,Estándar,2025-07-13,2025-07-13
574,574,3,Guanacaste,Estándar,2025-05-09,2025-05-09
575,575,1,Alajuela,Express,2026-06-29,2026-06-29
576,576,3,Alajuela,Express,2025-06-17,
577,577,4,Limón,Express,2025-05-23,2025-05-22
578,578,3,Guanacaste,Estándar,2025-11-29,2025-11-29
579,579,1,,Express,2025-04-14,2025-04-15
580,580,3,Guanacaste,Express,2026-07-19,2026-07-18
581,581,4,Guanacaste,Estándar,2025-12-17,2025-12-18
582,582,3,Cartago,Estándar,2025-04-02,2025-04-01
583,583,4,Alajuela,Express,2026-04-29,2026-04-29
584,584,4,Puntarenas,Express,2026-07-16,2026-07-15
585,585,3,Alajuela,Estándar,2026-09-01,2026-09-04
586,586,3,Limón,,2025-12-08,2025-12-10
587,587,1,Limón,Estándar,2025-05-09,2025-05-09
588,588,3,San José,Express,2025-03-03,2025-03-02
589,589,1,Limón,Express,2025-09-09,2025-09-08
590,590,1,Cartago,Estándar,2026-09-02,2026-09-02
591,591,2,Puntarenas,Express,2025-03-22,2025-03-21
592,592,3,Puntarenas,Express,2026-08-27,2026-08-26
593,593,2,Cartago,Express,2026-01-26,2026-01-25
594,594,3,Puntarenas,Estándar,2026-07-08,2026-07-07
595,595,3,Guanacaste,Express,2026-04-04,2026-04-03
596,596,2,Limón,Estándar,2026-08-05,2026-08-05
597,597,3,Cartago,Estándar,2025-04-12,2025-04-11
598,598,4,Guanacaste,Estándar,2026-05-13,2026-05-13
599,599,3,San José,Estándar,2026-06-07,2026-06-11
600,600,4,San José,Estándar,2025-06-18,
601,601,4,Cartago,Express,2025-11-26,2025-11-26
602,602,2,Guanacaste,Estándar,2025-12-23,
603,603,1,Cartago,Express,2026-01-01,2026-01-04
604,604,1,San José,Estándar,2025-09-04,2025-09-03
605,605,2,Cartago,Estándar,2026-01-16,2026-01-16
606,606,3,Cartago,Estándar,2026-07-27,
607,607,4,Heredia,Estándar,2026-08-20,2026-08-20
608,608,1,Cartago,Estándar,2026-04-29,2026-05-01
609,609,4,Limón,Express,2025-12-03,2025-12-03
610,610,2,Puntarenas,Express,2025-04-20,2025-04-19
611,611,4,Cartago,Express,2025-11-28,
612,612,1,Cartago,Express,2026-04-05,2026-04-06
613,613,1,Cartago,Express,2025-02-04,2025-02-03
614,614,3,Limón,Estándar,2026-05-21,2026-05-23
615,615,3,Heredia,Express,2025-12-22,2025-12-22
616,616,2,Cartago,Estándar,2026-01-28,2026-01-28
617,617,2,Puntarenas,Estándar,2025-07-03,2025-07-05
618,618,1,Puntarenas,Estándar,2025-02-17,2025-02-17
619,619,3,Heredia,Express,2025-11-02,2025-11-01
620,620,2,San José,Estándar,2025-09-07,2025-09-07
621,621,2,Heredia,Estándar,2025-01-11,2025-01-11
622,622,1,Cartago,Express,2025-08-14,2025-08-20
623,623,2,Heredia,,2025-09-17,2025-09-17
624,624,2,San José,Express,2026-07-31,2026-07-30
625,625,3,Cartago,Express,2026-01-17,2026-01-17
626,626,1,Limón,Estándar,2026-08-23,2026-08-23
627,627,3,Heredia,Estándar,2026-08-08,2026-08-08
628,628,1,,Express,2025-07-26,2025-08-01
629,629,1,Limón,Express,2025-07-03,
630,630,1,Cartago,Express,2026-06-17,2026-06-17
631,631,2,Cartago,Express,2025-10-01,2025-10-01
632,632,2,Limón,Express,2025-03-15,2025-03-16
633,633,4,Limón,Estándar,2026-06-02,2026-06-01
634,634,4,Limón,Estándar,2026-02-10,2026-02-13
635,635,4,Guanacaste,Estándar,2025-07-07,2025-07-06
636,636,2,San José,Express,2026-01-01,2026-01-01
637,637,4,Cartago,Express,2026-08-18,2026-08-19
638,638,1,Heredia,Express,2025-08-07,2025-08-06
639,639,2,Alajuela,Express,2026-07-05,2026-07-04
640,640,1,Alajuela,Express,2026-07-08,
641,641,4,Puntarenas,Express,2025-01-15,2025-01-15
642,642,1,Alajuela,Estándar,2025-05-01,2025-05-01
643,643,3,Alajuela,Express,2026-01-01,2026-01-01
644,644,1,Limón,Estándar,2025-08-09,2025-08-09
645,645,3,San José,,2025-06-27,2025-06-26
646,646,3,Puntarenas,Express,2026-01-02,2026-01-06
647,647,4,Puntarenas,Estándar,2025-02-14,2025-02-14
648,648,4,Limón,Estándar,2026-08-03,2026-08-02
649,649,3,Alajuela,Express,2026-08-31,2026-08-31
650,650,1,Guanacaste,Express,2025-04-19,2025-04-18
651,651,2,Cartago,Express,2025-08-03,2025-08-03
652,652,1,Limón,Express,2025-11-26,2025-11-26
653,653,1,Puntarenas,Estándar,2026-07-15,
654,654,2,Limón,Express,2026-04-03,2026-04-02
655,655,1,Guanacaste,Express,2025-10-22,2025-10-21
656,656,3,Limón,Estándar,2025-09-22,2025-09-21
657,657,1,Cartago,Estándar,2026-08-31,2026-08-31
658,658,4,,Express,2025-08-06,2025-08-06
659,659,4,Cartago,Express,2025-06-11,2025-06-10
660,660,3,Puntarenas,Express,2026-06-21,2026-06-21
661,661,4,Guanacaste,Express,2026-06-28,2026-06-28
662,662,1,San José,Estándar,2026-08-14,
663,663,3,,Express,2025-02-05,2025-02-04
664,664,1,Cartago,Express,2025-06-27,2025-06-26
665,665,3,San José,Express,2025-04-05,2025-04-04
666,666,4,Guanacaste,Express,2025-05-24,
667,667,4,Cartago,Express,2025-11-09,
668,668,4,Limón,Express,2026-07-11,2026-07-11
669,669,1,Alajuela,,2026-06-14,2026-06-14
670,670,1,Alajuela,Estándar,2026-02-17,2026-02-16
671,671,3,Limón,Express,2025-11-14,2025-11-14
672,672,1,Heredia,Estándar,2025-10-27,2025-10-26
673,673,3,Cartago,Estándar,2025-02-05,2025-02-04
674,674,2,Guanacaste,Estándar,2025-03-11,2025-03-17
675,675,3,Puntarenas,Express,2025-03-21,2025-03-20
676,676,2,Guanacaste,Express,2026-08-31,2026-08-30
677,677,2,Heredia,Express,2025-05-08,2025-05-08
678,678,4,Limón,Estándar,2025-07-09,2025-07-15
679,679,1,Puntarenas,Express,2026-06-28,2026-06-28
680,680,1,San José,Estándar,2025-12-08,2025-12-11
681,681,1,Heredia,Estándar,2026-09-01,
682,682,3,Alajuela,Express,2026-08-17,2026-08-16
683,683,4,Alajuela,Express,2025-04-17,2025-04-17
684,684,3,San José,Express,2026-07-08,2026-07-07
685,685,3,Guanacaste,Express,2026-01-14,
686,686,2,Puntarenas,Express,2026-05-03,
687,687,3,Limón,Express,2026-05-08,
688,688,3,San José,Express,2025-08-15,2025-08-14
689,689,2,Guanacaste,Express,2025-10-13,2025-10-12
690,690,3,Alajuela,Estándar,2026-06-25,2026-06-24
691,691,3,Heredia,Estándar,2026-01-02,2026-01-02
692,692,3,Limón,Estándar,2025-04-05,2025-04-08
693,693,4,Cartago,Estándar,2025-12-06,2025-12-06
694,694,1,Cartago,Express,2026-01-01,2025-12-31
695,695,4,Heredia,Estándar,2025-10-12,2025-10-11
696,696,4,Alajuela,Express,2025-06-14,2025-06-16
697,697,1,Alajuela,Express,2026-07-15,2026-07-15
698,698,3,Cartago,Express,2025-11-19,2025-11-19
699,699,1,Guanacaste,Express,2026-07-30,2026-07-30
700,700,3,Heredia,Estándar,2025-09-25,2025-10-01
701,701,4,San José,Express,2026-02-21,2026-02-20
702,702,2,Puntarenas,Estándar,2026-01-17,2026-01-16
703,703,3,Heredia,Express,2025-07-06,2025-07-06
704,704,4,Limón,Express,2026-07-12,2026-07-11
705,705,3,Puntarenas,Express,2026-01-09,2026-01-09
706,706,2,Alajuela,Express,2025-12-22,2025-12-21
707,707,4,Guanacaste,Express,2025-03-11,2025-03-10
708,708,2,Alajuela,Estándar,2026-01-16,2026-01-18
709,709,4,Heredia,Estándar,2026-08-26,
710,710,1,Heredia,Express,2025-05-03,2025-05-03
711,711,2,San José,Express,2025-11-28,2025-11-28
712,712,2,Guanacaste,Express,2025-02-14,2025-02-20
713,713,3,Guanacaste,Express,2025-04-12,2025-04-12
714,714,4,Cartago,Estándar,2025-07-14,2025-07-14
715,715,2,Heredia,Estándar,2025-08-18,2025-08-17
716,716,4,Guanacaste,Estándar,2025-01-20,2025-01-19
717,717,1,,Express,2025-03-09,
718,718,3,Puntarenas,Express,2025-07-07,2025-07-06
719,719,2,San José,Express,2025-01-28,2025-01-31
720,720,3,Guanacaste,Express,2025-06-29,2025-06-28
721,721,1,Guanacaste,Estándar,2026-04-02,2026-04-01
722,722,4,Limón,Estándar,2026-01-17,2026-01-16
723,723,3,Puntarenas,Estándar,2025-04-01,2025-03-31
724,724,4,Cartago,Express,2025-06-23,2025-06-25
725,725,1,Heredia,Estándar,2026-06-20,2026-06-19
726,726,1,Limón,Estándar,2026-02-19,2026-02-18
727,727,4,Alajuela,Express,2025-04-23,2025-04-23
728,728,4,San José,Estándar,2025-08-18,2025-08-23
729,729,1,Guanacaste,Express,2026-07-01,2026-06-30
730,730,3,Heredia,Estándar,2026-07-20,2026-07-25
731,731,1,Guanacaste,Estándar,2025-06-14,2025-06-13
732,732,3,Guanacaste,Express,2025-12-02,2025-12-02
733,733,3,Cartago,Estándar,2026-05-31,2026-05-30
734,734,4,Puntarenas,Express,2025-06-11,2025-06-15
735,735,1,San José,Express,2026-04-04,2026-04-04
736,736,3,Cartago,Estándar,2026-08-23,2026-08-22
737,737,4,Alajuela,Express,2026-02-28,2026-02-28
738,738,4,San José,Estándar,2025-12-04,2025-12-04
739,739,3,Limón,Express,2026-03-11,2026-03-11
740,740,4,San José,Express,2025-11-23,2025-11-22
741,741,2,San José,Estándar,2025-08-04,2025-08-04
742,742,4,Cartago,Estándar,2025-07-30,2025-07-29
743,743,1,San José,Estándar,2025-04-23,2025-04-27
744,744,4,Limón,Express,2025-11-29,2025-11-28
745,745,2,Alajuela,Express,2026-08-20,2026-08-19
746,746,4,San José,Express,2025-07-03,2025-07-03
747,747,4,Limón,Estándar,2026-04-26,2026-04-26
748,748,2,Heredia,Estándar,2025-03-07,2025-03-07
749,749,3,Limón,Estándar,2025-11-25,
750,750,1,Cartago,Express,2026-08-26,2026-08-25
751,751,2,Cartago,Estándar,2025-07-10,2025-07-09
752,752,1,Limón,Express,2026-04-15,2026-04-19
753,753,1,Limón,Estándar,2026-05-15,2026-05-15
754,754,1,Puntarenas,Express,2025-12-03,2025-12-06
755,755,1,Puntarenas,Express,2025-12-03,2025-12-03
756,756,4,San José,Express,2026-01-19,2026-01-19
757,757,3,Cartago,Express,2025-02-11,2025-02-12
758,758,3,Puntarenas,Express,2025-04-28,2025-04-27
759,759,2,Cartago,Estándar,2026-05-30,2026-05-30
760,760,2,Alajuela,Express,2026-07-10,2026-07-10
761,761,1,Limón,Estándar,2025-11-12,2025-11-11
762,762,3,Guanacaste,Estándar,2025-02-07,
763,763,1,Limón,Express,2025-07-06,2025-07-06
764,764,4,,Estándar,2026-07-29,2026-07-29
765,765,3,Puntarenas,Estándar,2025-04-15,2025-04-19
766,766,4,Limón,Express,2026-01-27,2026-01-31
767,767,1,Puntarenas,Express,2026-07-29,2026-07-28
768,768,2,Cartago,Estándar,2026-01-05,2026-01-05
769,769,2,Cartago,Express,2026-04-09,2026-04-09
770,770,3,Heredia,Estándar,2025-02-16,2025-02-15
771,771,4,Cartago,Estándar,2026-07-28,2026-07-30
772,772,4,San José,Express,2025-06-24,2025-06-24
773,773,1,Alajuela,Estándar,2025-12-12,2025-12-11
774,774,1,Limón,Estándar,2025-03-01,2025-03-02
775,775,3,Heredia,Express,2025-09-14,2025-09-14
776,776,1,Cartago,Estándar,2025-02-03,2025-02-03
777,777,3,Heredia,Express,2026-06-30,2026-06-29
778,778,2,Heredia,Estándar,2025-06-20,2025-06-19
779,779,2,Guanacaste,Express,2025-07-03,
780,780,4,Alajuela,Express,2025-09-18,2025-09-17
781,781,4,Limón,Express,2025-09-19,2025-09-18
782,782,2,Puntarenas,Express,2026-03-13,2026-03-12
783,783,1,Guanacaste,Express,2026-03-29,2026-03-29
784,784,1,San José,Express,2025-08-08,2025-08-07
785,785,3,Puntarenas,Express,2025-01-13,2025-01-12
786,786,2,Alajuela,Estándar,2026-09-03,2026-09-03
787,787,3,Heredia,Express,2026-04-24,2026-04-24
788,788,2,Heredia,Express,2026-04-24,2026-04-23
789,789,2,Cartago,Express,2025-12-13,2025-12-12
790,790,4,Alajuela,Estándar,2026-05-20,2026-05-19
791,791,4,Limón,Estándar,2026-01-04,2026-01-03
792,792,1,Cartago,Express,2026-04-10,2026-04-09
793,793,3,,Estándar,2026-05-30,2026-05-30
794,794,1,Puntarenas,Estándar,2025-07-05,2025-07-10
795,795,1,Limón,Express,2026-02-18,2026-02-18
796,796,4,Puntarenas,Estándar,2025-11-16,
797,797,2,Alajuela,Estándar,2026-06-14,
798,798,4,Cartago,Express,2026-01-15,2026-01-14
799,799,3,Alajuela,Express,2025-06-09,2025-06-09
800,800,2,Heredia,Express,2026-05-06,2026-05-05
801,801,3,Puntarenas,Express,2026-05-08,2026-05-07
802,802,2,Limón,Estándar,2026-08-31,2026-08-30
803,803,3,Cartago,Estándar,2026-04-21,2026-04-21
804,804,2,Guanacaste,Express,2025-11-19,2025-11-18
805,805,1,Heredia,Estándar,2025-07-16,2025-07-22
806,806,3,San José,Estándar,2025-04-26,2025-04-25
807,807,2,Puntarenas,Estándar,2026-05-19,2026-05-21
808,808,3,Cartago,Express,2025-08-04,2025-08-04
809,809,2,Guanacaste,Express,2025-07-07,2025-07-06
810,810,1,Heredia,Express,2025-05-06,2025-05-05
811,811,3,Guanacaste,Estándar,2026-05-17,2026-05-16
812,812,1,Alajuela,Express,2026-02-08,2026-02-07
813,813,1,Puntarenas,Express,2026-08-17,2026-08-16
814,814,4,Cartago,Estándar,2026-05-19,2026-05-19
815,815,1,Guanacaste,Express,2025-12-20,
816,816,4,Alajuela,Express,2025-01-23,2025-01-23
817,817,3,Limón,Express,2025-11-28,
818,818,2,Heredia,Express,2026-02-05,2026-02-05
819,819,3,Puntarenas,Estándar,2025-06-19,2025-06-20
820,820,3,Guanacaste,Express,2025-08-12,2025-08-12
821,821,4,,Express,2025-08-08,
822,822,2,Limón,Estándar,2025-06-13,2025-06-13
823,823,1,Alajuela,Express,2025-12-17,2025-12-16
824,824,3,Guanacaste,Estándar,2025-05-10,2025-05-10
825,825,4,San José,Estándar,2026-06-09,2026-06-08
826,826,2,Guanacaste,Express,2025-05-08,2025-05-11
827,827,2,Guanacaste,Estándar,2025-12-04,2025-12-04
828,828,3,Puntarenas,Estándar,2025-08-05,2025-08-04
829,829,1,Puntarenas,Estándar,2026-06-30,2026-06-30
830,830,3,,Express,2026-08-08,2026-08-13
831,831,2,Puntarenas,Express,2025-03-14,2025-03-14
832,832,4,San José,Express,2025-11-27,
833,833,3,Heredia,Express,2026-07-22,
834,834,2,Puntarenas,Express,2025-07-06,
835,835,3,San José,Express,2025-12-18,2025-12-17
836,836,2,Limón,Express,2025-05-11,2025-05-11
837,837,3,Limón,Express,2025-12-02,2025-12-01
838,838,2,San José,Estándar,2026-08-13,2026-08-13
839,839,3,Heredia,Express,2026-07-25,2026-07-24
840,840,4,San José,Estándar,2025-03-12,2025-03-12
841,841,4,Guanacaste,Express,2025-12-01,2025-12-01
842,842,1,Puntarenas,Express,2026-09-01,2026-09-01
843,843,3,San José,Express,2025-04-11,2025-04-11
844,844,2,Guanacaste,Express,2026-06-02,2026-06-01
845,845,3,Guanacaste,Estándar,2026-03-29,2026-03-28
846,846,2,Guanacaste,Estándar,2026-07-28,2026-07-28
847,847,2,San José,Estándar,2025-05-07,2025-05-06
848,848,2,Puntarenas,Estándar,2025-06-17,2025-06-17
849,849,2,Limón,Estándar,2025-09-18,2025-09-17
850,850,3,Guanacaste,Estándar,2025-11-11,
851,851,2,Guanacaste,Estándar,2025-12-29,2025-12-28
852,852,2,Guanacaste,Express,2026-08-06,2026-08-05
853,853,4,Heredia,,2026-08-29,2026-08-29
854,854,1,Heredia,Estándar,2025-06-14,2025-06-13
855,855,2,Alajuela,Estándar,2025-08-13,2025-08-16
856,856,3,Heredia,Express,2025-07-18,2025-07-17
857,857,4,,Estándar,2025-01-22,2025-01-21
858,858,1,Puntarenas,Estándar,2026-01-02,2026-01-03
859,859,3,Guanacaste,Estándar,2026-05-22,
860,860,1,,Estándar,2025-11-24,2025-11-24
861,861,2,Puntarenas,Estándar,2026-09-02,2026-09-01
862,862,2,San José,Estándar,2026-01-22,2026-01-22
863,863,4,Puntarenas,Estándar,2026-08-12,2026-08-12
864,864,1,Limón,Estándar,2025-11-09,2025-11-13
865,865,4,Puntarenas,Express,2025-07-02,2025-07-02
866,866,3,Heredia,Estándar,2026-03-10,2026-03-09
867,867,2,Guanacaste,Estándar,2026-04-07,2026-04-06
868,868,2,San José,Estándar,2025-09-04,2025-09-04
869,869,3,San José,Estándar,2025-12-28,2025-12-29
870,870,1,Guanacaste,Estándar,2026-01-30,2026-01-30
871,871,1,Heredia,Express,2026-08-15,2026-08-19
872,872,4,San José,Express,2025-10-16,
873,873,3,Limón,Estándar,2026-08-03,2026-08-03
874,874,1,Alajuela,Estándar,2025-09-19,2025-09-18
875,875,2,San José,Express,2025-06-29,2025-06-28
876,876,1,San José,Estándar,2026-01-03,2026-01-02
877,877,4,San José,Express,2026-01-22,2026-01-21
878,878,1,San José,Estándar,2025-10-04,2025-10-04
879,879,1,Heredia,Express,2025-09-16,2025-09-20
880,880,4,Guanacaste,Express,2026-08-30,2026-08-30
881,881,1,Puntarenas,Estándar,2025-06-26,2025-06-26
882,882,2,Puntarenas,Express,2026-04-07,2026-04-06
883,883,3,Heredia,Estándar,2025-01-26,2025-01-26
884,884,3,Guanacaste,Express,2026-06-29,2026-06-28
885,885,1,Cartago,Estándar,2025-12-31,2025-12-30
886,886,2,Puntarenas,Express,2025-11-22,2025-11-21
887,887,2,Guanacaste,Estándar,2025-12-06,2025-12-06
888,888,2,San José,Express,2025-05-30,2025-05-30
889,889,2,Guanacaste,Express,2025-02-15,2025-02-15
890,890,2,Cartago,Express,2026-03-27,2026-03-26
891,891,1,Guanacaste,Estándar,2025-10-23,2025-10-23
892,892,4,Cartago,Express,2026-04-05,2026-04-05
893,893,3,Heredia,Express,2026-06-29,2026-06-28
894,894,4,Heredia,Express,2025-01-28,2025-01-27
895,895,2,San José,Estándar,2026-09-05,2026-09-04
896,896,4,Cartago,Estándar,2026-04-03,2026-04-07
897,897,1,Puntarenas,Estándar,2026-01-06,2026-01-05
898,898,2,Limón,Express,2025-09-11,2025-09-15
899,899,3,Cartago,Express,2025-02-27,2025-03-01
900,900,3,Limón,Express,2026-08-18,2026-08-19
901,901,1,Cartago,Estándar,2026-09-03,
902,902,4,Alajuela,Express,2025-10-08,2025-10-11
903,903,4,San José,Estándar,2025-01-11,2025-01-11
904,904,1,Heredia,Estándar,2026-08-26,
905,905,4,Guanacaste,Express,2025-04-13,2025-04-19
906,906,3,Guanacaste,Express,2025-02-08,2025-02-07
907,907,3,San José,Express,2025-11-11,2025-11-10
908,908,2,Heredia,Express,2025-09-15,2025-09-14
909,909,2,Puntarenas,Estándar,2026-03-19,2026-03-19
910,910,2,Cartago,Estándar,2026-07-29,2026-07-28
911,911,2,Puntarenas,Estándar,2026-05-02,2026-05-02
912,912,4,Puntarenas,Estándar,2025-08-27,2025-08-26
913,913,4,Guanacaste,Estándar,2025-06-17,
914,914,1,Alajuela,Estándar,2026-02-15,2026-02-20
915,915,4,Heredia,Estándar,2025-05-23,2025-05-22
916,916,1,Alajuela,Express,2026-01-16,2026-01-15
917,917,1,Limón,Estándar,2026-07-25,2026-07-24
918,918,2,San José,Express,2026-06-11,2026-06-11
919,919,3,San José,Estándar,2025-01-16,2025-01-19
920,920,3,San José,Express,2025-06-20,2025-06-20
921,921,2,San José,Express,2026-08-03,2026-08-03
922,922,2,Limón,Estándar,2025-06-07,
923,923,3,Puntarenas,Express,2026-09-02,2026-09-02
924,924,4,Alajuela,Express,2026-03-18,2026-03-18
925,925,3,Heredia,Express,2025-06-13,2025-06-12
926,926,4,Puntarenas,Estándar,2025-06-20,2025-06-19
927,927,3,Guanacaste,Express,2025-12-07,
928,928,1,Cartago,Estándar,2025-12-05,2025-12-07
929,929,3,Puntarenas,Express,2025-04-07,2025-04-12
930,930,1,Heredia,Express,2026-05-04,
931,931,1,Cartago,Express,2025-06-27,2025-07-01
932,932,2,Puntarenas,Estándar,2026-05-07,2026-05-07
933,933,1,Alajuela,Express,2026-08-31,2026-09-05
934,934,2,Cartago,Express,2025-08-10,2025-08-10
935,935,4,Guanacaste,Estándar,2025-02-14,2025-02-14
936,936,3,Alajuela,Express,2025-07-01,2025-07-04
937,937,3,Alajuela,Express,2025-07-09,2025-07-08
938,938,1,Limón,Express,2025-11-30,2025-11-29
939,939,2,Guanacaste,Estándar,2026-08-08,2026-08-13
940,940,4,Puntarenas,Express,2025-09-18,2025-09-20
941,941,3,Heredia,Estándar,2025-12-04,2025-12-03
942,942,1,Cartago,,2026-04-25,2026-04-25
943,943,3,Alajuela,Express,2025-10-15,2025-10-17
944,944,2,Heredia,Express,2025-12-04,2025-12-04
945,945,3,Cartago,Estándar,2025-08-15,2025-08-14
946,946,1,Guanacaste,Express,2025-07-04,2025-07-04
947,947,4,Alajuela,Express,2025-07-27,
948,948,3,Guanacaste,Express,2025-01-16,2025-01-15
949,949,2,Puntarenas,Estándar,2025-06-26,2025-06-25
950,950,3,Guanacaste,Estándar,2025-07-16,2025-07-16
951,951,1,Puntarenas,Estándar,2025-02-04,2025-02-04
952,952,1,Puntarenas,,2025-05-17,2025-05-17
953,953,4,Heredia,Estándar,2026-06-07,2026-06-11
954,954,4,Cartago,Express,2025-11-30,2025-12-03
955,955,3,Puntarenas,Express,2025-12-01,2025-11-30
956,956,2,Alajuela,Express,2026-08-14,2026-08-13
957,957,2,Alajuela,Express,2026-08-24,2026-08-23
958,958,3,Guanacaste,Estándar,2026-05-08,2026-05-07
959,959,3,,Estándar,2025-05-23,2025-05-23
960,960,1,San José,Express,2025-01-26,2025-01-26
961,961,4,Heredia,Express,2025-08-18,2025-08-22
962,962,4,Alajuela,Estándar,2026-04-10,2026-04-10
963,963,2,Puntarenas,Estándar,2025-07-03,2025-07-03
964,964,4,San José,Estándar,2025-06-15,2025-06-14
965,965,3,Cartago,Estándar,2026-05-12,2026-05-11
966,966,3,Limón,Express,2026-03-22,2026-03-21
967,967,2,Guanacaste,Express,2025-09-12,2025-09-12
968,968,2,Alajuela,,2025-11-14,2025-11-14
969,969,3,San José,Express,2025-07-22,2025-07-22
970,970,1,Puntarenas,Express,2026-03-04,2026-03-04
971,971,4,Limón,Express,2025-06-13,2025-06-12
972,972,1,Cartago,Express,2025-09-20,2025-09-19
973,973,4,Puntarenas,Express,2025-03-03,2025-03-04
974,974,2,San José,Estándar,2026-03-24,2026-03-23
975,975,3,Limón,Estándar,2026-07-16,2026-07-16
976,976,2,Limón,Express,2025-02-15,2025-02-14
977,977,1,Heredia,Express,2026-03-15,2026-03-21
978,978,3,San José,Estándar,2025-06-20,
979,979,4,Guanacaste,Express,2026-09-03,2026-09-02
980,980,4,Puntarenas,Estándar,2025-04-13,2025-04-12
981,981,1,San José,,2025-07-04,2025-07-04
982,982,2,Cartago,Express,2025-11-13,2025-11-15
983,983,1,San José,Estándar,2026-08-29,2026-08-29
984,984,4,Guanacaste,Express,2025-06-12,2025-06-15
985,985,4,San José,Express,2025-01-12,2025-01-11
986,986,4,Limón,Express,2025-08-13,2025-08-12
987,987,1,Alajuela,Estándar,2025-06-16,2025-06-22
988,988,1,Heredia,Estándar,2025-03-03,2025-03-03
989,989,2,Puntarenas,Estándar,2025-05-25,2025-05-25
990,990,1,Alajuela,Express,2026-06-21,2026-06-21
991,991,4,Puntarenas,Estándar,2025-05-06,2025-05-06
992,992,2,Guanacaste,Express,2026-07-09,2026-07-09
993,993,1,Puntarenas,Estándar,2025-07-21,2025-07-22
994,994,3,Alajuela,Estándar,2025-04-02,2025-04-01
995,995,2,Alajuela,Express,2025-05-01,2025-05-01
996,996,1,Limón,Express,2025-01-31,2025-01-30
997,997,3,Heredia,Estándar,2025-05-12,2025-05-18
998,998,2,Puntarenas,Estándar,2025-12-11,
999,999,1,Limón,Estándar,2026-01-28,2026-01-27
1000,1000,2,Puntarenas,Estándar,2026-07-11,2026-07-11
1001,1001,2,Limón,Express,2025-11-19,2025-11-18
1002,1002,4,Puntarenas,Express,2026-03-12,2026-03-11
1003,1003,3,Puntarenas,Express,2025-09-13,2025-09-17
1004,1004,3,Puntarenas,Estándar,2025-11-03,2025-11-03
1005,1005,3,Limón,Express,2025-02-07,2025-02-06
1006,1006,1,San José,Estándar,2026-05-24,2026-05-24
1007,1007,1,Alajuela,Express,2026-07-16,2026-07-16
1008,1008,1,Cartago,Estándar,2026-03-15,2026-03-21
1009,1009,2,San José,Express,2025-12-14,2025-12-13
1010,1010,2,Alajuela,Express,2025-10-19,2025-10-19
1011,1011,3,Puntarenas,Express,2025-12-07,2025-12-13
1012,1012,3,Cartago,Estándar,2026-01-31,
1013,1013,3,Limón,Express,2026-02-10,2026-02-10
1014,1014,4,Cartago,Express,2025-03-01,2025-02-28
1015,1015,3,Puntarenas,,2026-09-02,2026-09-01
1016,1016,3,Limón,Express,2025-05-07,2025-05-06
1017,1017,3,Puntarenas,Estándar,2026-02-01,2026-02-02
1018,1018,2,Puntarenas,Express,2026-08-06,2026-08-06
1019,1019,1,Alajuela,Estándar,2026-05-12,2026-05-11
1020,1020,1,Guanacaste,Estándar,2025-11-04,2025-11-06
1021,1021,4,San José,Express,2025-01-23,2025-01-22
1022,1022,2,Heredia,Express,2025-07-08,2025-07-08
1023,1023,1,Puntarenas,Express,2025-05-07,2025-05-06
1024,1024,4,San José,Express,2025-03-30,2025-04-01
1025,1025,1,Puntarenas,Express,2025-01-03,2025-01-02
1026,1026,4,Alajuela,Express,2025-05-26,2025-05-31
1027,1027,1,Alajuela,Estándar,2026-02-27,2026-02-27
1028,1028,4,Heredia,Estándar,2025-12-30,2026-01-01
1029,1029,1,Guanacaste,Express,2026-03-11,2026-03-10
1030,1030,1,Guanacaste,Estándar,2025-10-06,2025-10-06
1031,1031,1,Guanacaste,Estándar,2026-07-28,2026-07-27
1032,1032,3,Cartago,Express,2025-11-22,2025-11-21
1033,1033,1,Cartago,Express,2025-06-27,2025-07-03
1034,1034,4,Guanacaste,Estándar,2025-07-16,
1035,1035,3,Puntarenas,Estándar,2025-05-10,2025-05-13
1036,1036,3,San José,Express,2026-08-10,
1037,1037,1,Alajuela,Estándar,2025-12-04,2025-12-04
1038,1038,4,Puntarenas,Express,2025-09-24,2025-09-27
1039,1039,2,Puntarenas,Estándar,2025-10-04,2025-10-03
1040,1040,1,Heredia,Express,2026-04-16,2026-04-16
1041,1041,2,Limón,Express,2026-08-01,
1042,1042,3,Puntarenas,Estándar,2025-11-22,2025-11-22
1043,1043,2,Limón,Estándar,2025-08-19,2025-08-19
1044,1044,4,Alajuela,Estándar,2025-05-25,2025-05-24
1045,1045,1,San José,Estándar,2025-02-25,2025-02-25
1046,1046,4,Heredia,Estándar,2026-02-15,2026-02-20
1047,1047,2,Limón,Express,2025-05-19,2025-05-18
1048,1048,3,Cartago,Estándar,2026-02-25,
1049,1049,2,Heredia,Estándar,2025-04-17,2025-04-16
1050,1050,3,Heredia,Express,2025-02-07,2025-02-06
1051,1051,1,Heredia,Estándar,2026-04-15,2026-04-15
1052,1052,3,Puntarenas,Express,2025-04-16,2025-04-22
1053,1053,3,Cartago,Estándar,2025-05-10,2025-05-09
1054,1054,2,Puntarenas,Express,2025-07-07,2025-07-10
1055,1055,1,San José,Estándar,2026-08-09,2026-08-12
1056,1056,2,Cartago,Express,2025-06-15,2025-06-14
1057,1057,4,Puntarenas,Express,2025-05-04,2025-05-04
1058,1058,2,Alajuela,Express,2026-02-15,2026-02-20
1059,1059,2,Cartago,Estándar,2025-08-10,2025-08-09
1060,1060,3,Puntarenas,Express,2026-08-11,2026-08-11
1061,1061,2,Cartago,Estándar,2026-08-07,2026-08-07
1062,1062,4,Puntarenas,Express,2025-09-12,2025-09-12
1063,1063,2,Puntarenas,Estándar,2026-08-31,2026-09-02
1064,1064,4,Puntarenas,Estándar,2025-08-16,2025-08-15
1065,1065,4,Limón,Express,2025-08-27,2025-08-30
1066,1066,3,Limón,Estándar,2025-02-03,2025-02-03
1067,1067,1,Alajuela,Estándar,2026-05-05,2026-05-04
1068,1068,2,Limón,Express,2025-05-07,2025-05-06
1069,1069,1,Cartago,Express,2026-05-24,2026-05-24
1070,1070,3,Guanacaste,Express,2025-11-28,2025-11-27
1071,1071,1,Cartago,Estándar,2026-08-01,2026-07-31
1072,1072,2,Alajuela,Estándar,2025-11-08,2025-11-10
1073,1073,4,San José,Express,2026-08-04,2026-08-04
1074,1074,1,Limón,Express,2025-05-02,
1075,1075,4,Cartago,Express,2025-05-14,2025-05-13
1076,1076,2,Guanacaste,Estándar,2026-05-26,2026-05-25
1077,1077,4,Puntarenas,Express,2026-05-11,2026-05-11
1078,1078,1,Cartago,Estándar,2026-07-23,2026-07-22
1079,1079,2,San José,Estándar,2026-06-24,2026-06-24
1080,1080,3,Puntarenas,Estándar,2025-04-17,2025-04-16
1081,1081,3,Puntarenas,Estándar,2025-11-28,2025-11-27
1082,1082,1,Alajuela,Estándar,2025-09-17,2025-09-18
1083,1083,3,Cartago,Express,2026-03-05,2026-03-07
1084,1084,4,Limón,Express,2026-01-28,2026-01-28
1085,1085,1,San José,Estándar,2025-12-02,2025-12-05
1086,1086,4,Puntarenas,Express,2026-01-15,2026-01-15
1087,1087,3,San José,Estándar,2025-07-16,2025-07-17
1088,1088,2,Puntarenas,Express,2026-07-24,2026-07-24
1089,1089,1,Heredia,Express,2025-11-28,2025-12-01
1090,1090,2,Alajuela,Express,2025-11-26,2025-11-26
1091,1091,3,Alajuela,Express,2025-08-07,2025-08-06
1092,1092,3,Limón,Estándar,2025-12-06,
1093,1093,1,Limón,Express,2025-02-02,2025-02-08
1094,1094,3,Puntarenas,Express,2025-12-03,2025-12-02
1095,1095,3,Alajuela,Express,2025-06-13,2025-06-13
1096,1096,4,Cartago,Estándar,2025-02-15,2025-02-15
1097,1097,2,Limón,Estándar,2025-03-31,
1098,1098,2,Puntarenas,Estándar,2025-06-13,
1099,1099,1,Limón,Estándar,2025-05-11,2025-05-13
1100,1100,4,San José,Express,2025-06-03,2025-06-03
1101,1101,3,Limón,Estándar,2025-09-21,2025-09-20
1102,1102,3,Guanacaste,Estándar,2026-07-21,2026-07-20
1103,1103,3,Limón,Express,2025-11-20,2025-11-19
1104,1104,2,Cartago,Express,2025-12-04,2025-12-06
1105,1105,3,Guanacaste,Estándar,2025-08-02,2025-08-02
1106,1106,2,San José,Estándar,2025-12-06,2025-12-05
1107,1107,2,Guanacaste,Express,2026-05-22,2026-05-22
1108,1108,3,Guanacaste,Express,2026-01-23,2026-01-22
1109,1109,1,Alajuela,Estándar,2026-05-08,2026-05-08
1110,1110,4,Cartago,Estándar,2025-01-20,2025-01-19
1111,1111,1,Cartago,Estándar,2025-12-14,2025-12-14
1112,1112,3,Puntarenas,Estándar,2025-02-04,2025-02-04
1113,1113,2,Limón,Express,2026-03-25,2026-03-25
1114,1114,4,Heredia,Express,2025-10-08,2025-10-07
1115,1115,3,San José,Estándar,2025-12-31,2026-01-04
1116,1116,2,Limón,Estándar,2025-11-30,2025-11-29
1117,1117,3,San José,Express,2025-02-13,2025-02-12
1118,1118,2,Heredia,Express,2025-02-22,2025-02-25
1119,1119,4,Heredia,Express,2025-09-11,2025-09-10
1120,1120,2,Heredia,Express,2026-08-16,2026-08-15
1121,1121,2,,Express,2025-05-14,2025-05-13
1122,1122,4,Puntarenas,Express,2025-06-04,2025-06-03
1123,1123,2,Limón,Express,2025-11-28,2025-11-28
1124,1124,3,Cartago,Estándar,2025-06-17,2025-06-17
1125,1125,4,Limón,Express,2025-12-15,2025-12-15
1126,1126,3,Limón,Estándar,2025-09-16,2025-09-15
1127,1127,4,San José,Express,2026-07-04,2026-07-06
1128,1128,4,Limón,Express,2025-04-13,2025-04-12
1129,1129,3,Puntarenas,Estándar,2026-04-12,2026-04-11
1130,1130,2,Limón,Express,2026-03-02,2026-03-02
1131,1131,4,Limón,Estándar,2025-11-20,2025-11-25
1132,1132,2,Alajuela,Express,2025-03-01,2025-03-01
1133,1133,4,Puntarenas,Estándar,2025-11-27,2025-11-27
1134,1134,2,San José,Estándar,2026-01-01,2026-01-01
1135,1135,3,Alajuela,Estándar,2025-12-31,2025-12-31
1136,1136,1,Cartago,Estándar,2025-12-15,2025-12-15
1137,1137,1,Cartago,Express,2025-11-26,2025-11-25
1138,1138,3,Heredia,Express,2026-05-02,2026-05-02
1139,1139,3,Limón,,2025-08-04,2025-08-04
1140,1140,1,Cartago,Express,2025-08-09,2025-08-09
1141,1141,1,Cartago,Estándar,2025-11-04,2025-11-03
1142,1142,2,Guanacaste,Estándar,2026-08-13,2026-08-13
1143,1143,2,Alajuela,Estándar,2026-08-20,2026-08-20
1144,1144,3,Limón,Express,2025-05-07,2025-05-06
1145,1145,3,Heredia,Express,2025-09-29,2025-10-03
1146,1146,2,Heredia,Express,2026-05-16,2026-05-22
1147,1147,3,Guanacaste,Estándar,2026-08-18,2026-08-17
1148,1148,2,San José,Express,2025-05-10,2025-05-10
1149,1149,1,Alajuela,Estándar,2026-03-18,2026-03-17
1150,1150,1,Heredia,Estándar,2026-05-10,2026-05-09
1151,1151,4,Alajuela,Express,2025-09-13,2025-09-12
1152,1152,3,,Express,2026-01-02,2026-01-01
1153,1153,2,Guanacaste,Express,2025-02-04,2025-02-08
1154,1154,1,Puntarenas,Express,2026-06-10,
1155,1155,4,Puntarenas,Express,2026-08-19,2026-08-21
1156,1156,1,Cartago,Estándar,2025-12-31,2025-12-30
1157,1157,1,Heredia,Express,2025-12-18,2025-12-18
1158,1158,1,San José,Estándar,2026-03-22,2026-03-22
1159,1159,4,Alajuela,Express,2025-09-17,2025-09-16
1160,1160,2,Puntarenas,Express,2025-02-24,2025-02-23
1161,1161,3,San José,Express,2025-09-26,2025-09-26
1162,1162,4,Cartago,Estándar,2026-05-28,2026-05-27
1163,1163,4,Heredia,Estándar,2026-05-05,2026-05-10
1164,1164,2,Guanacaste,Estándar,2025-12-31,2025-12-30
1165,1165,2,Limón,Express,2025-07-07,2025-07-06
1166,1166,2,Cartago,Express,2025-04-14,2025-04-14
1167,1167,3,San José,Express,2025-12-06,2025-12-09
1168,1168,4,Cartago,Estándar,2026-06-26,2026-06-26
1169,1169,2,Cartago,Estándar,2025-12-25,2025-12-25
1170,1170,1,Puntarenas,Estándar,2026-05-31,2026-05-31
1171,1171,3,Limón,Express,2026-04-13,
1172,1172,4,Cartago,Express,2025-06-14,2025-06-13
1173,1173,4,Cartago,Estándar,2026-05-25,2026-05-27
1174,1174,1,Heredia,Express,2025-10-17,2025-10-16
1175,1175,4,Heredia,Estándar,2026-04-04,2026-04-04
1176,1176,3,Puntarenas,Express,2025-11-27,
1177,1177,2,Limón,Express,2025-11-28,2025-11-27
1178,1178,1,Guanacaste,Express,2025-02-01,2025-01-31
1179,1179,1,Guanacaste,Estándar,2025-09-16,2025-09-16
1180,1180,1,Heredia,Express,2025-08-28,2025-08-28
1181,1181,1,Guanacaste,Express,2025-03-19,2025-03-18
1182,1182,1,Cartago,Estándar,2026-09-03,2026-09-08
1183,1183,3,Guanacaste,,2026-06-20,2026-06-19
1184,1184,3,Guanacaste,Estándar,2026-08-07,2026-08-06
1185,1185,2,San José,Express,2026-08-08,2026-08-07
1186,1186,1,Cartago,Express,2025-11-12,2025-11-11
1187,1187,1,Puntarenas,Express,2026-06-27,2026-06-26
1188,1188,1,Limón,Express,2025-04-17,2025-04-16
1189,1189,4,,Express,2026-03-25,2026-03-24
1190,1190,4,Puntarenas,Estándar,2025-01-09,2025-01-09
1191,1191,1,Cartago,Estándar,2025-12-06,2025-12-06
1192,1192,3,Heredia,Express,2025-07-14,2025-07-14
1193,1193,2,Alajuela,Estándar,2026-07-28,2026-07-28
1194,1194,3,Guanacaste,Estándar,2026-05-12,2026-05-11
1195,1195,4,Alajuela,Express,2025-12-10,2025-12-09
1196,1196,4,Puntarenas,Express,2025-01-13,2025-01-13
1197,1197,2,San José,,2026-09-05,2026-09-07
1198,1198,2,Heredia,Express,2025-05-30,2025-05-30
1199,1199,4,Cartago,Express,2025-03-13,2025-03-12
1200,1200,2,Heredia,Estándar,2025-04-23,2025-04-23
1201,1201,1,Heredia,Estándar,2026-04-12,2026-04-11
1202,1202,3,Heredia,Express,2025-12-19,2025-12-19
1203,1203,1,Heredia,Estándar,2026-03-12,2026-03-14
1204,1204,3,San José,Estándar,2025-02-26,2025-02-26
1205,1205,3,Cartago,Express,2025-02-10,2025-02-09
1206,1206,2,Alajuela,Express,2025-12-03,2025-12-02
1207,1207,4,Limón,Estándar,2025-01-09,2025-01-15
1208,1208,3,Puntarenas,Estándar,2025-11-19,2025-11-19
1209,1209,3,,Estándar,2026-05-03,2026-05-02
1210,1210,4,,Express,2025-08-17,2025-08-16
1211,1211,2,Puntarenas,Express,2026-07-10,2026-07-10
1212,1212,2,Alajuela,Estándar,2026-06-14,2026-06-13
1213,1213,4,Cartago,Express,2025-12-28,2025-12-27
1214,1214,3,San José,Express,2025-11-06,2025-11-05
1215,1215,2,Alajuela,Express,2026-06-25,2026-06-24
1216,1216,2,San José,Express,2026-01-03,2026-01-03
1217,1217,3,Puntarenas,Express,2025-02-12,
1218,1218,3,Heredia,Estándar,2025-10-03,
1219,1219,3,Puntarenas,Express,2025-01-16,2025-01-15
1220,1220,3,Limón,Estándar,2025-01-24,
1221,1221,4,Limón,Express,2026-01-16,2026-01-16
1222,1222,2,Cartago,Express,2026-08-30,2026-08-29
1223,1223,2,San José,Express,2025-01-31,2025-02-05
1224,1224,1,Cartago,Express,2026-08-28,2026-08-28
1225,1225,4,Guanacaste,Express,2025-09-14,2025-09-13
1226,1226,4,Puntarenas,Express,2026-06-03,2026-06-03
1227,1227,1,San José,Estándar,2026-08-03,2026-08-02
1228,1228,4,San José,Estándar,2026-04-23,2026-04-22
1229,1229,4,Puntarenas,Express,2025-12-01,2025-11-30
1230,1230,3,Heredia,Estándar,2025-06-27,2025-06-27
1231,1231,3,Puntarenas,Express,2025-07-01,2025-07-01
1232,1232,3,Alajuela,Express,2025-12-02,2025-12-01
1233,1233,2,San José,Express,2025-09-15,2025-09-15
1234,1234,2,Alajuela,Estándar,2025-12-10,
1235,1235,4,Alajuela,Express,2025-08-11,2025-08-11
1236,1236,4,Alajuela,Estándar,2026-04-23,2026-04-26
1237,1237,1,Heredia,Estándar,2026-07-07,2026-07-07
1238,1238,4,Puntarenas,Estándar,2025-02-14,2025-02-15
1239,1239,3,Heredia,Estándar,2026-03-31,
1240,1240,4,Limón,Express,2026-08-27,2026-08-30
1241,1241,3,Cartago,Estándar,2025-11-29,2025-11-28
1242,1242,2,Limón,Estándar,2026-04-23,2026-04-23
1243,1243,4,Heredia,Express,2026-07-24,2026-07-27
1244,1244,4,Limón,Express,2026-04-26,
1245,1245,3,Limón,Estándar,2026-06-05,2026-06-04
1246,1246,1,Puntarenas,Express,2026-01-03,2026-01-03
1247,1247,1,Heredia,Estándar,2026-08-01,2026-07-31
1248,1248,3,Limón,Express,2026-05-30,2026-05-30
1249,1249,4,Heredia,Express,2025-09-16,2025-09-16
1250,1250,4,San José,Estándar,2025-02-16,2025-02-15
1251,1251,3,Guanacaste,Estándar,2026-08-31,2026-08-31
1252,1252,1,Puntarenas,Estándar,2025-01-11,2025-01-16
1253,1253,4,Alajuela,Estándar,2025-05-11,2025-05-10
1254,1254,4,Puntarenas,Estándar,2025-10-24,2025-10-24
1255,1255,4,Alajuela,Express,2025-04-11,2025-04-10
1256,1256,4,,Express,2025-03-16,2025-03-15
1257,1257,2,Heredia,Estándar,2026-05-31,2026-05-30
1258,1258,3,Alajuela,Estándar,2026-01-26,
1259,1259,4,Alajuela,Express,2025-02-23,2025-02-23
1260,1260,1,Cartago,Estándar,2025-12-06,2025-12-06
1261,1261,3,Alajuela,Estándar,2026-08-14,2026-08-14
1262,1262,3,Puntarenas,Express,2025-09-29,2025-10-05
1263,1263,2,Limón,,2025-03-14,2025-03-13
1264,1264,3,Guanacaste,Estándar,2026-08-04,
1265,1265,3,Alajuela,Express,2026-01-15,
1266,1266,4,Cartago,Express,2026-09-01,2026-08-31
1267,1267,3,Puntarenas,Express,2025-10-26,2025-10-26
1268,1268,3,San José,Estándar,2026-07-03,2026-07-02
1269,1269,3,Puntarenas,Estándar,2025-05-27,2025-05-27
1270,1270,1,,Estándar,2025-06-12,2025-06-11
1271,1271,3,San José,Express,2025-12-03,2025-12-03
1272,1272,3,Cartago,Express,2026-08-17,2026-08-17
1273,1273,4,Guanacaste,Estándar,2025-03-23,2025-03-23
1274,1274,2,Limón,Estándar,2025-12-17,2025-12-22
1275,1275,3,,Express,2026-02-22,2026-02-21
1276,1276,2,Cartago,Express,2026-05-14,2026-05-14
1277,1277,3,San José,Estándar,2025-08-06,2025-08-05
1278,1278,4,San José,Estándar,2026-04-15,2026-04-15
1279,1279,4,,Express,2026-06-13,2026-06-13
1280,1280,4,Heredia,Express,2025-06-14,2025-06-13
1281,1281,4,Guanacaste,Estándar,2025-11-29,2025-11-28
1282,1282,3,Alajuela,Express,2025-08-17,2025-08-17
1283,1283,1,Alajuela,Express,2026-06-17,2026-06-17
1284,1284,4,Cartago,Express,2026-07-30,2026-07-30
1285,1285,4,Heredia,Estándar,2026-04-26,2026-04-26
1286,1286,4,Heredia,Estándar,2025-10-10,2025-10-15
1287,1287,1,Cartago,Estándar,2026-01-09,2026-01-08
1288,1288,4,Cartago,Express,2025-12-17,2025-12-16
1289,1289,2,Alajuela,Express,2026-08-07,2026-08-06
1290,1290,2,Alajuela,Estándar,2026-07-24,2026-07-23
1291,1291,3,Alajuela,Estándar,2026-07-14,2026-07-13
1292,1292,4,Alajuela,Express,2025-07-10,2025-07-09
1293,1293,4,Limón,Estándar,2025-09-28,2025-10-03
1294,1294,2,Heredia,Express,2025-08-30,2025-08-30
1295,1295,4,Heredia,Express,2025-12-18,2025-12-17
1296,1296,3,San José,,2026-08-14,2026-08-14
1297,1297,1,Alajuela,Estándar,2025-11-02,2025-11-02
1298,1298,4,Puntarenas,Estándar,2025-09-15,2025-09-14
1299,1299,2,Heredia,Estándar,2026-02-08,2026-02-08
1300,1300,4,San José,Express,2025-08-20,2025-08-20
1301,1301,4,Limón,Express,2026-08-01,
1302,1302,1,Puntarenas,Estándar,2026-08-31,2026-08-31
1303,1303,3,Heredia,Estándar,2025-05-01,2025-05-01
1304,1304,1,Limón,Estándar,2026-05-17,2026-05-17
1305,1305,4,San José,Estándar,2025-05-14,
1306,1306,4,Limón,Estándar,2026-03-19,2026-03-18
1307,1307,2,Limón,Express,2025-07-24,
1308,1308,3,Heredia,Estándar,2026-04-29,2026-04-28
1309,1309,2,Limón,Estándar,2026-08-11,2026-08-15
1310,1310,2,Heredia,Express,2026-07-26,2026-07-26
1311,1311,4,Puntarenas,Estándar,2025-04-26,2025-04-25
1312,1312,3,Alajuela,Express,2026-03-25,2026-03-25
1313,1313,3,Limón,Express,2026-09-02,2026-09-01
1314,1314,3,Cartago,Express,2026-08-28,2026-08-30
1315,1315,3,Alajuela,Express,2026-06-23,2026-06-23
1316,1316,2,San José,Express,2026-05-30,2026-05-30
1317,1317,3,Heredia,Estándar,2025-11-20,2025-11-21
1318,1318,1,San José,Express,2025-08-06,2025-08-06
1319,1319,4,San José,Estándar,2025-06-13,2025-06-13
1320,1320,3,San José,Express,2026-08-17,2026-08-17
1321,1321,2,Heredia,Express,2026-01-02,2026-01-01
1322,1322,3,Cartago,,2025-05-05,2025-05-09
1323,1323,2,Heredia,Express,2026-05-20,2026-05-19
1324,1324,2,Cartago,Estándar,2025-02-03,2025-02-02
1325,1325,2,Limón,Estándar,2026-06-23,2026-06-22
1326,1326,4,Puntarenas,Express,2025-09-10,2025-09-10
1327,1327,1,Limón,Estándar,2025-12-29,2025-12-28
1328,1328,1,Puntarenas,Express,2025-08-10,2025-08-10
1329,1329,2,Limón,Estándar,2025-10-02,2025-10-02
1330,1330,4,Guanacaste,,2025-07-06,
1331,1331,3,San José,Estándar,2026-01-04,2026-01-06
1332,1332,3,Heredia,Estándar,2025-12-04,2025-12-04
1333,1333,2,Alajuela,Estándar,2025-12-06,2025-12-05
1334,1334,4,Limón,Estándar,2025-09-03,2025-09-03
1335,1335,3,Cartago,Express,2025-11-29,2025-12-05
1336,1336,2,Cartago,Estándar,2025-08-10,2025-08-09
1337,1337,1,Alajuela,Estándar,2026-08-15,
1338,1338,4,Heredia,Estándar,2025-01-25,2025-01-28
1339,1339,2,Cartago,Express,2026-07-23,2026-07-23
1340,1340,3,Cartago,Estándar,2026-02-15,
1341,1341,1,Guanacaste,Estándar,2026-08-11,2026-08-15
1342,1342,2,Guanacaste,Express,2026-05-13,2026-05-12
1343,1343,4,San José,Express,2025-09-19,2025-09-18
1344,1344,3,Limón,Express,2025-12-04,2025-12-03
1345,1345,1,Alajuela,Express,2026-02-06,2026-02-10
1346,1346,2,Heredia,Express,2026-05-06,2026-05-05
1347,1347,3,Limón,Estándar,2025-04-16,2025-04-15
1348,1348,3,Limón,,2025-12-06,2025-12-05
1349,1349,3,Guanacaste,Estándar,2026-02-15,2026-02-14
1350,1350,2,Alajuela,Estándar,2025-06-15,2025-06-14
1351,1351,2,Heredia,Estándar,2026-05-03,2026-05-02
1352,1352,2,Puntarenas,Estándar,2026-06-21,2026-06-21
1353,1353,1,Limón,Express,2025-12-03,2025-12-06
1354,1354,3,Alajuela,Express,2026-05-12,2026-05-12
1355,1355,1,Heredia,Express,2026-01-22,2026-01-21
1356,1356,4,Cartago,Express,2025-12-27,2026-01-02
1357,1357,4,Alajuela,Estándar,2026-07-19,2026-07-19
1358,1358,2,Heredia,Estándar,2025-10-08,2025-10-07
1359,1359,2,Guanacaste,Estándar,2025-11-29,2025-11-28
1360,1360,3,Puntarenas,Estándar,2025-12-07,
1361,1361,3,San José,Estándar,2026-08-23,2026-08-23
1362,1362,2,Limón,Express,2026-07-06,2026-07-05
1363,1363,3,Puntarenas,Express,2025-10-13,2025-10-13
1364,1364,3,Limón,Express,2026-03-14,2026-03-13
1365,1365,1,Limón,Estándar,2025-10-20,2025-10-20
1366,1366,1,Heredia,Express,2025-05-12,2025-05-12
1367,1367,2,Cartago,Estándar,2026-05-22,2026-05-22
1368,1368,2,Heredia,Estándar,2025-06-05,2025-06-06
1369,1369,4,Guanacaste,Estándar,2026-06-10,2026-06-10
1370,1370,1,Guanacaste,Estándar,2026-01-27,2026-01-26
1371,1371,4,Cartago,Express,2025-09-14,2025-09-18
1372,1372,2,San José,Estándar,2026-03-22,2026-03-22
1373,1373,4,Cartago,Estándar,2026-04-28,2026-04-29
1374,1374,1,Cartago,Estándar,2026-08-19,2026-08-18
1375,1375,4,Heredia,Express,2025-02-13,
1376,1376,4,Limón,,2025-05-09,2025-05-12
1377,1377,4,San José,Express,2026-07-31,2026-07-30
1378,1378,2,Heredia,Estándar,2026-07-16,2026-07-15
1379,1379,3,Limón,Estándar,2025-05-19,2025-05-18
1380,1380,3,San José,Express,2025-07-01,2025-07-01
1381,1381,3,Heredia,Express,2026-02-09,
1382,1382,2,Cartago,Estándar,2025-12-02,2025-12-07
1383,1383,4,Cartago,Estándar,2025-08-13,2025-08-12
1384,1384,2,Cartago,Express,2025-01-05,2025-01-05
1385,1385,1,San José,Express,2025-04-03,2025-04-08
1386,1386,2,Guanacaste,Estándar,2025-01-23,2025-01-22
1387,1387,1,Cartago,Estándar,2025-09-14,2025-09-13
1388,1388,1,San José,Express,2026-08-07,2026-08-06
1389,1389,4,Alajuela,Estándar,2025-07-04,2025-07-03
1390,1390,1,Puntarenas,Express,2025-12-25,2025-12-24
1391,1391,2,San José,Express,2026-02-19,2026-02-21
1392,1392,4,Heredia,Estándar,2025-10-26,2025-10-25
1393,1393,1,San José,Express,2025-08-06,2025-08-06
1394,1394,1,Limón,Express,2025-09-16,2025-09-15
1395,1395,3,Heredia,Express,2025-01-27,2025-01-29
1396,1396,2,Cartago,Express,2026-05-04,2026-05-04
1397,1397,4,San José,Estándar,2026-06-14,2026-06-14
1398,1398,2,Cartago,Express,2025-11-29,2025-11-29
1399,1399,1,San José,Express,2025-10-05,2025-10-05
1400,1400,4,Puntarenas,Estándar,2026-06-24,2026-06-24
1401,1401,4,Guanacaste,Estándar,2025-04-08,2025-04-11
1402,1402,2,San José,Estándar,2025-08-09,
1403,1403,3,Cartago,Estándar,2025-02-26,2025-02-25
1404,1404,4,Puntarenas,Express,2025-05-09,2025-05-13
1405,1405,3,San José,Express,2025-02-14,2025-02-18
1406,1406,1,Heredia,Express,2026-04-08,2026-04-08
1407,1407,1,Heredia,Estándar,2025-07-05,2025-07-04
1408,1408,1,Alajuela,Estándar,2026-03-14,
1409,1409,4,Alajuela,Estándar,2025-04-18,2025-04-17
1410,1410,3,Heredia,Estándar,2025-02-10,2025-02-09
1411,1411,1,Limón,Express,2026-01-26,2026-01-25
1412,1412,1,Limón,Express,2026-06-26,2026-06-30
1413,1413,3,Limón,Estándar,2025-11-11,2025-11-11
1414,1414,4,Cartago,Express,2026-05-01,2026-05-04
1415,1415,3,Guanacaste,Express,2026-01-29,
1416,1416,2,Limón,Estándar,2026-04-13,2026-04-13
1417,1417,1,Cartago,Express,2026-01-16,2026-01-16
1418,1418,4,San José,Estándar,2025-04-19,2025-04-23
1419,1419,2,Alajuela,Express,2026-07-28,2026-07-28
1420,1420,3,,Express,2025-05-08,
1421,1421,4,Puntarenas,Express,2026-06-23,2026-06-22
1422,1422,1,San José,Estándar,2025-04-18,2025-04-17
1423,1423,4,San José,Estándar,2025-07-13,2025-07-13
1424,1424,3,Heredia,Estándar,2025-07-19,2025-07-19
1425,1425,3,Limón,Express,2026-01-20,2026-01-19
1426,1426,1,Heredia,Express,2025-02-17,2025-02-17
1427,1427,2,Limón,Express,2025-12-19,2025-12-22
1428,1428,2,San José,Express,2025-08-16,2025-08-15
1429,1429,3,Puntarenas,Estándar,2026-09-03,2026-09-03
1430,1430,1,Heredia,Estándar,2025-12-31,2025-12-31
1431,1431,2,Guanacaste,Estándar,2026-02-19,2026-02-19
1432,1432,1,Cartago,Estándar,2026-08-27,2026-08-27
1433,1433,1,Guanacaste,Estándar,2025-12-15,2025-12-15
1434,1434,1,Alajuela,Estándar,2026-07-29,2026-07-28
1435,1435,2,Alajuela,Estándar,2025-05-12,2025-05-15
1436,1436,2,Heredia,Estándar,2025-12-20,2025-12-19
1437,1437,2,Cartago,Express,2026-07-30,2026-08-05
1438,1438,1,Cartago,Express,2026-02-07,2026-02-07
1439,1439,2,Cartago,Express,2025-07-02,2025-07-02
1440,1440,1,Cartago,Estándar,2026-04-27,2026-04-29
1441,1441,2,Cartago,Estándar,2025-12-24,2025-12-24
1442,1442,2,Limón,Express,2025-01-26,2025-01-26
1443,1443,3,Limón,Estándar,2026-04-18,2026-04-17
1444,1444,4,Limón,Express,2025-02-09,2025-02-08
1445,1445,2,Puntarenas,Estándar,2026-04-23,2026-04-23
1446,1446,1,San José,Express,2026-04-23,2026-04-22
1447,1447,1,,Estándar,2026-03-07,2026-03-06
1448,1448,4,Cartago,Express,2025-03-04,2025-03-04
1449,1449,2,Limón,Express,2026-02-13,2026-02-12
1450,1450,3,Limón,Estándar,2025-04-30,2025-05-05
1451,1451,2,Guanacaste,Estándar,2025-10-02,2025-10-01
1452,1452,1,San José,Express,2025-05-07,2025-05-06
1453,1453,1,Limón,Estándar,2025-08-06,2025-08-05
1454,1454,1,Limón,Express,2026-08-25,2026-08-24
1455,1455,4,Puntarenas,Express,2025-05-13,2025-05-12
1456,1456,4,Cartago,Estándar,2026-08-23,2026-08-22
1457,1457,3,Heredia,Express,2025-06-25,2025-06-25
1458,1458,3,Guanacaste,Estándar,2026-08-29,2026-08-28
1459,1459,1,San José,Estándar,2025-03-12,2025-03-11
1460,1460,1,Alajuela,Estándar,2025-05-09,2025-05-09
1461,1461,3,Puntarenas,Express,2025-11-26,2025-11-25
1462,1462,3,Cartago,Express,2026-08-13,
1463,1463,1,Heredia,Estándar,2026-05-24,2026-05-24
1464,1464,2,Alajuela,Express,2025-09-15,2025-09-15
1465,1465,3,Alajuela,Estándar,2025-07-25,2025-07-24
1466,1466,2,San José,,2026-03-14,2026-03-13
1467,1467,2,Puntarenas,Express,2026-05-07,2026-05-08
1468,1468,1,Cartago,Estándar,2025-10-15,2025-10-14
1469,1469,1,Limón,Express,2025-06-15,2025-06-14
1470,1470,4,Cartago,Express,2025-12-31,2025-12-31
1471,1471,2,Guanacaste,Express,2026-03-30,2026-03-30
1472,1472,1,Limón,,2026-09-02,2026-09-02
1473,1473,1,Cartago,Estándar,2025-08-28,2025-08-28
1474,1474,1,Limón,Express,2025-08-05,2025-08-10
1475,1475,3,Heredia,Express,2025-08-12,2025-08-12
1476,1476,1,Cartago,Estándar,2025-08-28,2025-08-27
1477,1477,3,Limón,Express,2026-06-28,2026-07-01
1478,1478,4,Guanacaste,Estándar,2026-02-21,2026-02-21
1479,1479,1,Cartago,Estándar,2025-12-13,2025-12-14
1480,1480,1,Heredia,Estándar,2026-01-31,2026-02-03
1481,1481,4,Guanacaste,,2026-05-15,2026-05-18
1482,1482,1,,Estándar,2026-07-09,2026-07-09
1483,1483,4,Alajuela,Express,2025-11-28,2025-11-28
1484,1484,2,San José,Express,2025-12-29,
1485,1485,3,San José,Estándar,2025-09-22,2025-09-21
1486,1486,4,Puntarenas,Estándar,2025-03-13,
1487,1487,4,Puntarenas,Estándar,2025-08-11,2025-08-10
1488,1488,1,San José,Estándar,2025-08-24,2025-08-24
1489,1489,4,Puntarenas,Estándar,2026-05-19,2026-05-20
1490,1490,4,Limón,Express,2025-04-19,2025-04-23
1491,1491,2,San José,Estándar,2026-07-24,2026-07-23
1492,1492,1,Cartago,Express,2025-06-16,
1493,1493,3,Heredia,Estándar,2025-05-12,2025-05-12
1494,1494,3,Puntarenas,Estándar,2026-03-23,
1495,1495,4,Cartago,Estándar,2025-01-16,2025-01-18
1496,1496,2,Heredia,Express,2026-05-01,2026-05-06
1497,1497,3,Guanacaste,Express,2025-08-01,2025-08-01
1498,1498,4,Limón,Estándar,2025-01-28,2025-01-28
1499,1499,3,Limón,Express,2025-04-15,2025-04-14
1500,1500,2,Puntarenas,Express,2026-02-27,2026-02-27
1501,1501,4,Heredia,Express,2025-05-08,2025-05-13
1502,1502,3,San José,Express,2026-08-23,2026-08-22
1503,1503,3,Limón,Express,2025-11-22,2025-11-22
1504,1504,1,Cartago,Express,2025-02-16,2025-02-15
1505,1505,1,Limón,Express,2025-11-15,2025-11-14
1506,1506,4,Heredia,Estándar,2026-04-28,
1507,1507,2,Puntarenas,Estándar,2026-06-03,2026-06-03
1508,1508,3,Heredia,Express,2025-02-11,2025-02-11
1509,1509,4,San José,Estándar,2026-03-01,2026-03-01
1510,1510,3,Cartago,Express,2025-04-24,2025-04-24
1511,1511,2,Puntarenas,Estándar,2026-05-08,2026-05-08
1512,1512,3,Puntarenas,Express,2025-02-07,2025-02-12
1513,1513,4,Limón,Express,2026-07-22,2026-07-28
1514,1514,1,Cartago,Express,2025-04-27,2025-04-27
1515,1515,2,Puntarenas,Estándar,2025-01-06,2025-01-06
1516,1516,4,Puntarenas,Estándar,2025-12-10,2025-12-10
1517,1517,4,,Express,2025-08-05,2025-08-05
1518,1518,4,Cartago,Express,2025-08-13,2025-08-15
1519,1519,1,Heredia,Estándar,2026-08-28,2026-08-28
1520,1520,4,Limón,Express,2026-02-11,2026-02-10
1521,1521,4,Guanacaste,Express,2025-12-13,2025-12-12
1522,1522,3,,Estándar,2026-08-20,2026-08-20
1523,1523,3,Cartago,Express,2026-06-12,
1524,1524,1,Guanacaste,Express,2025-04-10,2025-04-10
1525,1525,1,Limón,Estándar,2026-07-16,2026-07-15
1526,1526,2,Limón,Express,2025-08-03,
1527,1527,2,Cartago,Estándar,2025-10-10,2025-10-14
1528,1528,3,Guanacaste,Estándar,2026-08-02,2026-08-02
1529,1529,1,San José,Estándar,2026-07-11,2026-07-11
1530,1530,3,San José,Express,2025-08-21,2025-08-21
1531,1531,1,Guanacaste,Estándar,2025-02-16,2025-02-21
1532,1532,2,Cartago,Express,2025-04-12,2025-04-12
1533,1533,2,Cartago,Estándar,2025-05-29,2025-05-29
1534,1534,1,San José,Express,2026-08-31,2026-08-31
1535,1535,1,Guanacaste,Estándar,2025-05-12,2025-05-11
1536,1536,3,Alajuela,Estándar,2025-12-07,2025-12-06
1537,1537,3,Puntarenas,Estándar,2025-11-06,2025-11-12
1538,1538,4,Puntarenas,Express,2026-03-21,
1539,1539,1,Limón,Express,2026-06-01,2026-06-01
1540,1540,4,Limón,Express,2025-06-28,2025-06-28
1541,1541,4,Limón,Estándar,2026-05-24,2026-05-24
1542,1542,3,Puntarenas,Express,2025-10-12,
1543,1543,2,,Express,2026-06-02,2026-06-01
1544,1544,4,Guanacaste,,2025-12-22,2025-12-21
1545,1545,4,Alajuela,Express,2026-06-28,2026-06-30
1546,1546,2,Cartago,Express,2025-09-17,2025-09-17
1547,1547,1,San José,,2026-09-04,2026-09-03
1548,1548,1,Heredia,Express,2026-04-06,2026-04-05
1549,1549,4,Alajuela,Estándar,2026-06-22,2026-06-28
1550,1550,4,San José,Express,2025-09-14,2025-09-13
1551,1551,2,Heredia,Estándar,2026-04-29,2026-04-28
1552,1552,1,Cartago,Estándar,2025-04-19,
1553,1553,1,Guanacaste,Express,2026-07-28,
1554,1554,3,,Estándar,2025-06-14,2025-06-20
1555,1555,3,Puntarenas,,2026-03-17,2026-03-17
1556,1556,1,Cartago,Express,2025-07-03,2025-07-03
1557,1557,1,Puntarenas,Estándar,2025-09-22,2025-09-23
1558,1558,3,San José,Estándar,2025-12-02,2025-12-01
1559,1559,4,Limón,Express,2025-06-17,2025-06-16
1560,1560,4,Limón,Express,2025-08-12,2025-08-17
1561,1561,3,,Express,2026-06-22,2026-06-22
1562,1562,1,Cartago,Estándar,2026-02-05,2026-02-05
1563,1563,3,San José,Express,2025-08-30,2025-09-03
1564,1564,1,Guanacaste,Estándar,2025-05-17,2025-05-16
1565,1565,1,Puntarenas,Estándar,2026-09-04,2026-09-03
1566,1566,2,Puntarenas,Express,2025-02-16,2025-02-17
1567,1567,1,Cartago,Express,2026-07-28,2026-07-28
1568,1568,1,San José,Express,2025-04-26,2025-04-26
1569,1569,2,Guanacaste,Estándar,2026-07-21,2026-07-20
1570,1570,1,Cartago,Estándar,2026-08-12,2026-08-12
1571,1571,2,San José,Estándar,2025-12-22,
1572,1572,1,San José,Express,2025-02-09,2025-02-08
1573,1573,3,Alajuela,Estándar,2026-07-24,
1574,1574,1,San José,Estándar,2026-02-06,2026-02-05
1575,1575,4,,Estándar,2026-07-20,2026-07-20
1576,1576,1,,Express,2025-11-26,2025-11-25
1577,1577,3,Heredia,Express,2025-09-12,2025-09-12
1578,1578,4,Alajuela,Express,2025-12-31,2025-12-30
1579,1579,3,San José,Estándar,2025-09-20,2025-09-19
1580,1580,1,Heredia,Estándar,2025-07-04,
1581,1581,2,Limón,Express,2026-08-30,
1582,1582,1,Limón,Express,2026-07-11,2026-07-17
1583,1583,4,Limón,Express,2026-04-13,
1584,1584,3,Limón,Estándar,2026-06-08,2026-06-07
1585,1585,1,Heredia,Estándar,2026-05-06,2026-05-05
1586,1586,4,Alajuela,Estándar,2025-12-11,
1587,1587,3,Guanacaste,Express,2025-07-26,2025-07-25
1588,1588,4,Heredia,Estándar,2025-10-05,2025-10-05
1589,1589,4,Puntarenas,Estándar,2025-10-27,2025-10-30
1590,1590,4,Alajuela,Estándar,2025-09-21,2025-09-23
1591,1591,3,Guanacaste,Estándar,2025-12-30,2025-12-30
1592,1592,3,,Estándar,2025-04-16,
1593,1593,4,Limón,Express,2026-05-24,2026-05-30
1594,1594,1,San José,Estándar,2025-05-04,
1595,1595,3,Alajuela,Express,2025-08-24,2025-08-24
1596,1596,4,Puntarenas,Estándar,2026-03-11,2026-03-11
1597,1597,1,Guanacaste,Express,2026-03-03,2026-03-03
1598,1598,3,Guanacaste,Estándar,2026-04-25,2026-04-24
1599,1599,1,Puntarenas,Express,2025-04-30,2025-04-30
1600,1600,3,Alajuela,Estándar,2025-09-23,2025-09-27
1601,1601,1,Guanacaste,,2025-09-27,2025-09-26
1602,1602,2,Guanacaste,Express,2025-01-22,2025-01-22
1603,1603,4,Alajuela,Express,2026-04-29,2026-04-28
1604,1604,2,Cartago,Estándar,2026-09-04,2026-09-04
1605,1605,3,San José,Express,2025-08-07,
1606,1606,1,Guanacaste,Express,2025-06-12,2025-06-11
1607,1607,2,Guanacaste,Express,2026-01-05,2026-01-04
1608,1608,3,Limón,Estándar,2025-12-19,2025-12-18
1609,1609,4,San José,Estándar,2026-05-22,2026-05-23
1610,1610,2,Alajuela,Express,2025-08-15,2025-08-14
1611,1611,4,Heredia,Estándar,2026-05-17,2026-05-17
1612,1612,2,Alajuela,Estándar,2026-04-08,
1613,1613,4,Limón,Estándar,2025-06-11,2025-06-14
1614,1614,2,Guanacaste,Estándar,2025-06-17,2025-06-16
1615,1615,3,Limón,Estándar,2026-08-30,
1616,1616,4,Limón,Estándar,2026-03-13,
1617,1617,2,Cartago,Express,2025-12-01,2025-12-04
1618,1618,1,Limón,Express,2026-06-15,2026-06-15
1619,1619,2,San José,Express,2026-02-24,2026-02-28
1620,1620,2,Puntarenas,Express,2025-11-06,
1621,1621,2,Alajuela,Estándar,2025-07-08,2025-07-07
1622,1622,1,Cartago,Estándar,2025-09-14,2025-09-14
1623,1623,1,,,2025-07-25,2025-07-25
1624,1624,4,Heredia,Express,2026-06-25,2026-06-25
1625,1625,3,Guanacaste,Express,2025-04-14,2025-04-14
1626,1626,3,Heredia,Express,2026-01-02,2026-01-01
1627,1627,4,,Estándar,2026-06-01,2026-05-31
1628,1628,4,Guanacaste,Estándar,2025-12-26,2025-12-25
1629,1629,2,Guanacaste,Express,2026-04-27,2026-04-27
1630,1630,4,Guanacaste,Estándar,2025-01-11,
1631,1631,1,Alajuela,Estándar,2026-01-12,2026-01-12
1632,1632,3,Puntarenas,Estándar,2026-08-08,2026-08-07
1633,1633,4,Alajuela,Express,2025-04-21,2025-04-20
1634,1634,1,San José,Estándar,2026-07-02,2026-07-06
1635,1635,3,Cartago,Estándar,2025-06-27,2025-06-26
1636,1636,2,Heredia,Express,2026-05-30,2026-06-02
1637,1637,2,Alajuela,Express,2025-12-04,2025-12-08
1638,1638,4,Cartago,Estándar,2025-11-08,2025-11-08
1639,1639,4,San José,Express,2026-01-13,2026-01-12
1640,1640,2,Alajuela,Estándar,2026-06-27,2026-06-27
1641,1641,3,San José,Express,2025-12-29,
1642,1642,2,Heredia,Express,2025-01-28,2025-01-27
1643,1643,2,San José,Estándar,2025-12-19,
1644,1644,4,Cartago,Express,2025-04-21,2025-04-24
1645,1645,4,Alajuela,Express,2026-03-09,2026-03-08
1646,1646,4,San José,Estándar,2025-07-02,2025-07-02
1647,1647,3,Heredia,Estándar,2025-12-03,
1648,1648,3,Heredia,Estándar,2025-09-29,2025-09-29
1649,1649,2,Cartago,Express,2025-01-30,2025-02-02
1650,1650,4,Guanacaste,Express,2025-08-13,2025-08-13
1651,1651,4,San José,Estándar,2026-06-05,2026-06-05
1652,1652,1,Alajuela,Estándar,2025-12-20,2025-12-20
1653,1653,2,Limón,Estándar,2026-06-30,2026-06-29
1654,1654,4,Puntarenas,Express,2026-03-29,2026-03-29
1655,1655,2,Cartago,Express,2025-02-15,2025-02-16
1656,1656,3,Guanacaste,Estándar,2026-04-25,2026-04-24
1657,1657,1,San José,Estándar,2026-07-26,2026-07-26
1658,1658,4,Cartago,Estándar,2026-03-27,
1659,1659,1,,Estándar,2025-10-10,2025-10-09
1660,1660,3,Cartago,Express,2026-07-24,2026-07-24
1661,1661,3,Alajuela,Estándar,2025-07-12,2025-07-12
1662,1662,2,San José,Express,2025-10-26,2025-11-01
1663,1663,3,Guanacaste,Express,2025-04-21,2025-04-23
1664,1664,2,Heredia,Express,2025-04-16,2025-04-15
1665,1665,1,Puntarenas,Express,2025-07-02,2025-07-02
1666,1666,2,Cartago,Estándar,2026-05-05,2026-05-06
1667,1667,4,Alajuela,,2026-08-13,2026-08-12
1668,1668,4,Heredia,Express,2026-08-31,2026-08-31
1669,1669,3,Heredia,Express,2025-12-30,2026-01-01
1670,1670,1,Cartago,Express,2025-10-11,2025-10-11
1671,1671,3,Puntarenas,Express,2025-02-04,2025-02-04
1672,1672,1,San José,Express,2026-07-06,2026-07-05
1673,1673,2,San José,Express,2026-08-06,
1674,1674,2,,Estándar,2025-01-17,2025-01-20
1675,1675,3,Cartago,Estándar,2026-05-31,2026-05-31
1676,1676,4,Heredia,Estándar,2025-05-10,2025-05-10
1677,1677,4,Puntarenas,Express,2025-08-07,2025-08-07
1678,1678,2,Limón,Express,2025-12-04,2025-12-08
1679,1679,4,Limón,Estándar,2025-02-09,2025-02-08
1680,1680,3,Alajuela,Estándar,2025-05-18,2025-05-18
1681,1681,2,Guanacaste,Estándar,2026-09-01,2026-09-01
1682,1682,1,Limón,Express,2026-04-03,2026-04-07
1683,1683,4,Guanacaste,Express,2026-08-31,2026-08-31
1684,1684,4,San José,Express,2025-01-26,2025-01-26
1685,1685,3,Limón,Estándar,2025-06-10,2025-06-10
1686,1686,1,Alajuela,Estándar,2026-05-26,2026-05-25
1687,1687,3,Guanacaste,Express,2026-04-10,2026-04-10
1688,1688,2,Puntarenas,,2026-05-06,
1689,1689,1,Cartago,Estándar,2025-10-19,2025-10-18
1690,1690,4,Guanacaste,Estándar,2026-03-19,2026-03-19
1691,1691,3,Heredia,Express,2025-09-20,2025-09-19
1692,1692,1,Alajuela,,2025-12-30,2026-01-05
1693,1693,3,Limón,Estándar,2026-05-07,2026-05-06
1694,1694,2,,Estándar,2025-10-16,2025-10-16
1695,1695,4,Limón,Estándar,2025-06-18,2025-06-17
1696,1696,4,Alajuela,Estándar,2025-09-17,2025-09-17
1697,1697,4,San José,Estándar,2026-07-08,2026-07-10
1698,1698,2,Cartago,Express,2025-09-15,2025-09-14
1699,1699,4,Puntarenas,Estándar,2025-12-09,
1700,1700,1,Puntarenas,Estándar,2026-09-04,2026-09-07
1701,1701,3,Limón,Estándar,2026-04-17,
1702,1702,2,Alajuela,Express,2025-03-07,2025-03-07
1703,1703,3,Cartago,Express,2025-09-18,2025-09-17
1704,1704,4,San José,Estándar,2025-10-21,2025-10-21
1705,1705,4,Cartago,Estándar,2025-07-14,2025-07-16
1706,1706,3,Alajuela,Express,2026-08-26,2026-08-25
1707,1707,2,Puntarenas,Estándar,2026-06-02,2026-06-06
1708,1708,2,Guanacaste,,2025-06-02,2025-06-06
1709,1709,2,Guanacaste,Estándar,2026-03-26,2026-03-26
1710,1710,3,Cartago,Express,2026-01-06,2026-01-05
1711,1711,4,Guanacaste,Estándar,2026-06-20,2026-06-19
1712,1712,3,Cartago,Estándar,2025-06-02,2025-06-05
1713,1713,4,Cartago,Estándar,2026-02-15,2026-02-15
1714,1714,2,Heredia,Express,2025-02-12,2025-02-18
1715,1715,4,San José,Estándar,2026-08-13,2026-08-12
1716,1716,3,San José,Estándar,2026-02-26,2026-02-25
1717,1717,4,San José,Estándar,2025-07-14,2025-07-14
1718,1718,4,San José,Estándar,2026-08-24,2026-08-24
1719,1719,1,San José,Express,2025-07-17,2025-07-16
1720,1720,1,Heredia,Estándar,2025-03-12,2025-03-13
1721,1721,4,Limón,Express,2025-08-04,2025-08-04
1722,1722,2,Heredia,Express,2025-02-04,2025-02-03
1723,1723,1,Cartago,Express,2025-06-18,2025-06-18
1724,1724,4,Alajuela,Estándar,2026-08-20,2026-08-20
1725,1725,4,Cartago,Express,2026-04-30,2026-05-01
1726,1726,1,Limón,Express,2026-01-01,
1727,1727,4,San José,Express,2025-11-16,2025-11-15
1728,1728,4,Limón,Express,2026-07-04,2026-07-03
1729,1729,4,Heredia,Estándar,2025-11-05,
1730,1730,1,San José,Estándar,2025-12-31,2026-01-04
1731,1731,4,Puntarenas,Estándar,2025-11-11,2025-11-11
1732,1732,1,Cartago,Express,2026-06-26,2026-06-26
1733,1733,1,Limón,Estándar,2026-08-03,2026-08-02
1734,1734,3,Heredia,Express,2026-03-07,2026-03-06
1735,1735,2,Cartago,Express,2026-06-21,2026-06-21
1736,1736,4,Cartago,Estándar,2026-06-10,2026-06-09
1737,1737,2,Limón,Express,2025-04-22,2025-04-21
1738,1738,4,Guanacaste,Estándar,2025-12-04,2025-12-08
1739,1739,2,Alajuela,Express,2025-11-08,
1740,1740,1,Heredia,Express,2026-05-07,2026-05-13
1741,1741,2,Cartago,Express,2026-06-08,2026-06-07
1742,1742,2,Puntarenas,Express,2025-12-01,2025-11-30
1743,1743,1,San José,Estándar,2025-02-17,
1744,1744,1,Puntarenas,Express,2025-08-20,2025-08-20
1745,1745,3,Limón,Express,2025-06-12,2025-06-11
1746,1746,1,Puntarenas,Express,2025-02-09,2025-02-08
1747,1747,1,Limón,Estándar,2025-12-02,2025-12-02
1748,1748,4,Heredia,Estándar,2026-08-23,2026-08-22
1749,1749,2,Cartago,Express,2025-12-03,2025-12-03
1750,1750,4,San José,Estándar,2026-04-29,
1751,1751,3,Heredia,Express,2025-12-24,2025-12-23
1752,1752,1,Alajuela,Express,2026-06-29,2026-06-28
1753,1753,4,Alajuela,Estándar,2025-11-04,2025-11-04
1754,1754,3,Limón,Express,2026-08-21,2026-08-20
1755,1755,1,Alajuela,Estándar,2025-12-15,2025-12-16
1756,1756,2,Limón,Express,2026-08-06,2026-08-05
1757,1757,2,Alajuela,Express,2026-08-15,2026-08-15
1758,1758,3,Alajuela,Express,2026-07-20,2026-07-20
1759,1759,4,Cartago,Estándar,2026-03-12,2026-03-12
1760,1760,3,Alajuela,Express,2026-06-12,2026-06-12
1761,1761,4,Heredia,Estándar,2026-07-16,2026-07-15
1762,1762,2,Cartago,Estándar,2026-08-27,2026-08-26
1763,1763,4,Heredia,Estándar,2025-03-13,2025-03-13
1764,1764,3,,Estándar,2025-11-26,2025-11-25
1765,1765,3,Alajuela,Express,2026-08-07,2026-08-06
1766,1766,4,Puntarenas,Express,2025-09-06,2025-09-05
1767,1767,1,Limón,Express,2025-11-27,2025-11-27
1768,1768,1,Cartago,Express,2026-02-25,2026-02-25
1769,1769,1,Heredia,Estándar,2025-10-09,2025-10-08
1770,1770,2,Heredia,Estándar,2025-07-06,2025-07-05
1771,1771,4,Cartago,Estándar,2026-01-26,2026-01-26
1772,1772,2,Guanacaste,Express,2025-11-26,2025-11-25
1773,1773,2,Guanacaste,Express,2026-04-10,2026-04-10
1774,1774,2,Limón,Estándar,2025-12-05,
1775,1775,2,Heredia,Express,2025-11-18,2025-11-18
1776,1776,1,Cartago,Express,2025-06-14,2025-06-17
1777,1777,3,Limón,Estándar,2025-12-07,2025-12-06
1778,1778,4,Guanacaste,Express,2025-10-14,
1779,1779,2,Cartago,Estándar,2025-02-28,2025-02-28
1780,1780,2,San José,Estándar,2025-09-04,2025-09-03
1781,1781,4,Puntarenas,Express,2025-12-28,2025-12-27
1782,1782,1,Guanacaste,Estándar,2026-07-13,2026-07-12
1783,1783,4,San José,Express,2026-06-25,2026-06-24
1784,1784,1,Guanacaste,Express,2025-09-06,
1785,1785,1,Cartago,Express,2026-05-04,2026-05-03
1786,1786,2,Heredia,Estándar,2025-04-20,2025-04-19
1787,1787,2,Heredia,Express,2026-06-19,2026-06-19
1788,1788,4,Alajuela,Estándar,2025-06-14,2025-06-14
1789,1789,1,Alajuela,Estándar,2025-09-18,2025-09-17
1790,1790,4,Limón,Express,2025-06-17,2025-06-17
1791,1791,1,Guanacaste,Express,2026-02-11,2026-02-10
1792,1792,2,Alajuela,Express,2026-01-30,2026-01-29
1793,1793,3,Alajuela,Express,2025-05-09,
1794,1794,1,Limón,Estándar,2025-03-23,2025-03-23
1795,1795,4,Guanacaste,,2025-03-14,2025-03-13
1796,1796,1,San José,Estándar,2026-08-01,2026-07-31
1797,1797,2,San José,Estándar,2025-12-14,2025-12-14
1798,1798,1,San José,Estándar,2026-02-18,2026-02-17
1799,1799,3,Heredia,Estándar,2026-06-15,2026-06-14
1800,1800,1,Heredia,Estándar,2026-03-30,2026-03-29
1801,1801,1,Cartago,Estándar,2025-10-12,2025-10-18
1802,1802,1,Alajuela,,2025-09-17,2025-09-17
1803,1803,4,Heredia,Estándar,2025-02-14,
1804,1804,1,Guanacaste,Express,2025-06-21,
1805,1805,2,Cartago,Estándar,2026-05-23,
1806,1806,2,Cartago,Estándar,2026-06-28,2026-06-28
1807,1807,3,San José,Estándar,2025-09-29,2025-10-04
1808,1808,1,Puntarenas,Estándar,2025-09-14,2025-09-14
1809,1809,2,Limón,Express,2025-12-14,
1810,1810,3,Limón,Estándar,2026-08-23,2026-08-27
1811,1811,1,Heredia,Express,2025-01-27,2025-01-26
1812,1812,1,Limón,Express,2025-06-30,2025-06-29
1813,1813,1,Puntarenas,Estándar,2026-08-31,2026-09-03
1814,1814,4,Puntarenas,Express,2026-09-01,2026-09-01
1815,1815,1,Limón,Express,2026-03-15,
1816,1816,3,Puntarenas,,2026-01-26,2026-01-26
1817,1817,2,Guanacaste,Express,2025-06-24,2025-06-27
1818,1818,1,Cartago,Estándar,2026-05-22,2026-05-21
1819,1819,4,San José,Estándar,2025-12-20,2025-12-19
1820,1820,2,Heredia,Express,2026-06-13,2026-06-19
1821,1821,4,Puntarenas,Express,2025-06-16,2025-06-15
1822,1822,3,Puntarenas,Express,2025-08-30,2025-08-30
1823,1823,3,Guanacaste,Express,2025-08-02,2025-08-01
1824,1824,3,Heredia,Estándar,2025-11-28,2025-12-02
1825,1825,4,Guanacaste,Express,2026-08-10,2026-08-09
1826,1826,3,Cartago,Express,2026-06-06,2026-06-06
1827,1827,4,Cartago,,2025-12-30,2025-12-29
1828,1828,2,Puntarenas,Estándar,2026-05-10,2026-05-10
1829,1829,4,San José,Express,2025-12-24,
1830,1830,1,Heredia,Estándar,2025-12-12,2025-12-11
1831,1831,4,,Express,2026-08-05,2026-08-04
1832,1832,2,Alajuela,Express,2025-12-13,2025-12-14
1833,1833,4,Alajuela,Estándar,2026-07-14,2026-07-13
1834,1834,3,San José,Express,2026-05-01,2026-05-05
1835,1835,3,Guanacaste,Estándar,2026-04-27,2026-04-27
1836,1836,2,Guanacaste,Estándar,2026-03-07,
1837,1837,4,Cartago,Estándar,2026-05-31,2026-05-30
1838,1838,3,Puntarenas,Estándar,2025-07-01,2025-07-05
1839,1839,4,San José,Express,2025-02-13,2025-02-13
1840,1840,3,Limón,Express,2025-11-11,2025-11-10
1841,1841,2,San José,Estándar,2025-10-26,2025-10-25
1842,1842,3,Puntarenas,,2025-07-29,2025-07-28
1843,1843,2,Puntarenas,Express,2025-12-12,2025-12-11
1844,1844,1,Guanacaste,Express,2026-01-08,2026-01-09
1845,1845,2,Alajuela,Estándar,2025-05-09,
1846,1846,4,San José,Estándar,2026-09-03,2026-09-03
1847,1847,1,Heredia,Estándar,2026-08-24,2026-08-24
1848,1848,2,Limón,Express,2025-04-12,
1849,1849,1,San José,Estándar,2025-07-05,2025-07-05
1850,1850,3,Cartago,Express,2026-06-02,2026-06-05
1851,1851,3,Heredia,,2026-08-29,2026-08-28
1852,1852,2,Puntarenas,Express,2026-05-06,2026-05-06
1853,1853,3,Heredia,Express,2026-01-20,2026-01-20
1854,1854,2,Alajuela,Express,2026-01-23,2026-01-22
1855,1855,2,Puntarenas,Express,2025-12-31,2025-12-30
1856,1856,1,Cartago,Estándar,2025-11-25,2025-11-25
1857,1857,4,Limón,Estándar,2025-05-25,2025-05-25
1858,1858,1,Puntarenas,Express,2026-01-10,2026-01-15
1859,1859,1,San José,Express,2025-12-02,
1860,1860,2,Puntarenas,Express,2025-12-29,2026-01-02
1861,1861,2,Guanacaste,Express,2025-04-19,2025-04-18
1862,1862,1,Limón,Estándar,2026-05-19,
1863,1863,4,San José,Estándar,2025-10-08,2025-10-07
1864,1864,1,Cartago,Express,2025-02-15,2025-02-14
1865,1865,1,Cartago,Express,2025-09-12,2025-09-12
1866,1866,1,Limón,Express,2026-06-16,2026-06-15
1867,1867,4,San José,Express,2025-06-30,2025-06-29
1868,1868,1,Guanacaste,,2026-02-06,2026-02-05
1869,1869,1,San José,Express,2025-02-24,2025-02-24
1870,1870,2,Heredia,Express,2025-09-18,2025-09-17
1871,1871,2,Heredia,Estándar,2025-10-18,2025-10-18
1872,1872,2,Guanacaste,Express,2025-10-12,2025-10-12
1873,1873,2,Alajuela,Estándar,2026-03-07,2026-03-06
1874,1874,1,Puntarenas,Estándar,2026-03-01,2026-02-28
1875,1875,4,Heredia,Estándar,2025-08-31,2025-08-30
1876,1876,1,Alajuela,Estándar,2026-06-17,2026-06-17
1877,1877,4,Limón,Express,2025-07-05,2025-07-07
1878,1878,2,Guanacaste,Estándar,2025-08-11,2025-08-10
1879,1879,4,San José,Estándar,2025-03-09,2025-03-09
1880,1880,1,Heredia,Estándar,2026-05-24,
1881,1881,3,San José,Express,2025-07-05,2025-07-05
1882,1882,1,San José,Express,2026-08-30,2026-08-29
1883,1883,2,Puntarenas,Estándar,2025-04-25,2025-04-24
1884,1884,2,San José,Estándar,2026-06-30,2026-07-05
1885,1885,1,Guanacaste,Estándar,2025-05-08,2025-05-14
1886,1886,2,Limón,Express,2026-08-25,2026-08-29
1887,1887,1,San José,Express,2026-06-25,2026-06-25
1888,1888,4,San José,Estándar,2026-07-03,2026-07-09
1889,1889,3,San José,Express,2025-08-06,2025-08-05
1890,1890,2,Guanacaste,Estándar,2026-07-20,2026-07-19
1891,1891,3,Heredia,Express,2025-08-14,2025-08-14
1892,1892,2,Alajuela,Express,2025-02-25,2025-02-25
1893,1893,2,Puntarenas,Express,2026-07-27,2026-07-27
1894,1894,4,Limón,Estándar,2026-03-01,
1895,1895,1,Guanacaste,Express,2025-12-26,2025-12-26
1896,1896,2,Limón,Estándar,2025-12-03,2025-12-02
1897,1897,3,Cartago,Express,2025-08-05,2025-08-10
1898,1898,2,Cartago,Express,2025-02-04,2025-02-07
1899,1899,4,Guanacaste,Estándar,2026-03-19,2026-03-18
1900,1900,1,Cartago,Estándar,2026-05-14,2026-05-14
1901,1901,4,Alajuela,Estándar,2025-11-27,2025-11-27
1902,1902,4,Puntarenas,Express,2025-09-19,2025-09-18
1903,1903,2,Guanacaste,,2026-07-23,2026-07-23
1904,1904,3,Cartago,Estándar,2026-07-09,
1905,1905,4,Limón,Estándar,2025-12-06,2025-12-05
1906,1906,4,San José,Express,2026-07-07,
1907,1907,2,San José,Estándar,2025-03-30,2025-03-29
1908,1908,3,San José,Express,2025-06-15,
1909,1909,3,Guanacaste,Express,2025-05-07,2025-05-07
1910,1910,4,Limón,Estándar,2025-04-17,2025-04-23
1911,1911,3,Guanacaste,,2025-02-05,2025-02-05
1912,1912,1,Puntarenas,Express,2026-08-13,2026-08-13
1913,1913,3,San José,Express,2025-01-28,2025-01-27
1914,1914,3,Cartago,Express,2025-10-25,2025-10-27
1915,1915,2,Puntarenas,Express,2026-07-08,2026-07-08
1916,1916,3,Limón,Express,2025-02-15,2025-02-15
1917,1917,4,,,2026-07-11,2026-07-10
1918,1918,4,San José,Estándar,2026-06-20,2026-06-20
1919,1919,3,Puntarenas,Estándar,2026-08-15,2026-08-14
1920,1920,4,San José,,2026-08-22,2026-08-25
1921,1921,2,Guanacaste,Express,2025-06-15,
1922,1922,1,Puntarenas,Estándar,2026-06-26,2026-06-25
1923,1923,2,Limón,Estándar,2026-04-04,2026-04-03
1924,1924,1,Cartago,Express,2026-08-11,2026-08-10
1925,1925,4,Heredia,Express,2025-12-02,2025-12-03
1926,1926,1,San José,Estándar,2025-11-04,2025-11-04
1927,1927,4,Heredia,Estándar,2025-01-17,
1928,1928,3,Heredia,Express,2025-06-27,2025-06-26
1929,1929,3,Heredia,Express,2026-01-19,2026-01-19
1930,1930,3,San José,Estándar,2025-12-18,2025-12-18
1931,1931,4,Heredia,Express,2025-12-30,2025-12-29
1932,1932,4,Limón,Express,2025-02-13,2025-02-13
1933,1933,4,Alajuela,Express,2025-05-20,2025-05-19
1934,1934,3,Puntarenas,Estándar,2025-11-28,2025-11-27
1935,1935,3,Alajuela,Express,2025-07-19,2025-07-19
1936,1936,3,Heredia,Express,2025-05-26,2025-05-26
1937,1937,4,Alajuela,Estándar,2025-05-09,2025-05-09
1938,1938,2,Cartago,Express,2026-05-21,2026-05-20
1939,1939,1,Heredia,Estándar,2025-03-23,2025-03-22
1940,1940,4,San José,Estándar,2026-02-05,2026-02-05
1941,1941,2,Guanacaste,Express,2026-08-24,2026-08-23
1942,1942,4,Cartago,Express,2026-07-19,2026-07-23
1943,1943,4,Heredia,Express,2026-04-24,2026-04-24
1944,1944,1,Alajuela,Express,2026-07-09,2026-07-09
1945,1945,1,Alajuela,Express,2025-02-09,
1946,1946,3,,Express,2025-07-03,2025-07-03
1947,1947,4,Limón,Express,2025-12-03,2025-12-06
1948,1948,3,Puntarenas,Express,2025-02-02,2025-02-01
1949,1949,4,Guanacaste,Estándar,2026-02-25,2026-02-25
1950,1950,2,Guanacaste,Estándar,2026-03-04,2026-03-09
1951,1951,2,Cartago,Estándar,2026-08-02,2026-08-07
1952,1952,1,Cartago,Express,2026-08-05,
1953,1953,1,Alajuela,Express,2025-01-30,2025-01-29
1954,1954,3,San José,Express,2025-08-13,2025-08-14
1955,1955,2,Guanacaste,Express,2026-05-15,2026-05-15
1956,1956,2,Limón,Estándar,2025-07-02,2025-07-01
1957,1957,3,Heredia,Express,2026-04-05,2026-04-05
1958,1958,3,Heredia,Express,2025-03-04,2025-03-03
1959,1959,1,Heredia,Estándar,2026-08-29,2026-08-29
1960,1960,2,Heredia,Estándar,2025-09-17,2025-09-16
1961,1961,2,Limón,Express,2026-08-18,2026-08-17
1962,1962,4,Puntarenas,Express,2025-11-02,2025-11-01
1963,1963,2,Alajuela,Estándar,2025-11-04,2025-11-10
1964,1964,2,Guanacaste,Express,2025-02-12,2025-02-12
1965,1965,2,Guanacaste,Express,2025-04-28,2025-04-27
1966,1966,3,Heredia,Express,2026-08-08,2026-08-10
1967,1967,3,Cartago,Estándar,2026-05-20,2026-05-19
1968,1968,1,Heredia,Express,2025-11-10,2025-11-10
1969,1969,1,Limón,Express,2026-08-12,
1970,1970,3,San José,Express,2026-01-06,2026-01-05
1971,1971,3,Limón,Express,2026-08-05,2026-08-04
1972,1972,1,Alajuela,Estándar,2026-01-07,2026-01-06
1973,1973,4,Alajuela,Estándar,2026-02-23,2026-02-22
1974,1974,1,Cartago,,2026-08-21,2026-08-20
1975,1975,4,Cartago,Estándar,2025-06-15,2025-06-14
1976,1976,4,Guanacaste,Express,2025-11-17,2025-11-23
1977,1977,4,Alajuela,Express,2025-01-04,2025-01-04
1978,1978,2,Guanacaste,Estándar,2025-06-20,2025-06-20
1979,1979,2,Guanacaste,Estándar,2025-12-30,2025-12-30
1980,1980,4,Limón,Estándar,2025-09-15,
1981,1981,2,,Estándar,2025-07-25,
1982,1982,4,Puntarenas,Express,2025-08-16,2025-08-16
1983,1983,3,Heredia,Estándar,2025-12-07,
1984,1984,2,Heredia,Express,2025-12-09,2025-12-08
1985,1985,1,Guanacaste,Express,2026-08-04,2026-08-04
1986,1986,1,Limón,Estándar,2025-09-29,2025-09-28
1987,1987,1,Limón,Estándar,2025-12-01,2025-12-03
1988,1988,2,Cartago,Express,2025-03-25,2025-03-27
1989,1989,2,Guanacaste,Express,2025-11-26,2025-11-26
1990,1990,2,Heredia,Estándar,2026-03-27,2026-03-26
1991,1991,2,San José,Estándar,2026-07-18,2026-07-18
1992,1992,4,San José,Express,2025-02-20,2025-02-20
1993,1993,4,Puntarenas,Estándar,2025-01-16,2025-01-16
1994,1994,1,San José,Estándar,2026-05-29,2026-05-31
1995,1995,2,San José,Estándar,2025-05-10,2025-05-10
1996,1996,4,Cartago,Express,2026-02-04,2026-02-04
1997,1997,1,Alajuela,Estándar,2025-11-26,
1998,1998,2,Cartago,Estándar,2025-11-25,2025-11-24
1999,1999,4,Heredia,Express,2026-08-16,2026-08-15
2000,2000,2,San José,Express,2025-03-05,2025-03-05
2001,2001,3,Limón,Estándar,2025-10-30,2025-10-29
2002,2002,1,Limón,Estándar,2025-12-17,2025-12-17
2003,2003,4,Heredia,Express,2026-07-09,2026-07-09
2004,2004,3,Limón,Estándar,2025-12-03,2025-12-03
2005,2005,1,Limón,Express,2026-06-18,2026-06-19
2006,2006,3,Limón,Estándar,2026-03-24,2026-03-24
2007,2007,2,Alajuela,Estándar,2025-01-16,2025-01-15
2008,2008,1,,,2025-05-17,2025-05-17
2009,2009,3,Puntarenas,Express,2025-02-03,2025-02-03
2010,2010,4,Alajuela,Express,2025-07-05,2025-07-06
2011,2011,2,Limón,Estándar,2025-07-16,2025-07-18
2012,2012,4,Puntarenas,Estándar,2025-12-31,2025-12-30
2013,2013,3,Limón,Estándar,2026-05-29,2026-06-04
2014,2014,1,Cartago,Estándar,2026-01-05,2026-01-06
2015,2015,1,Cartago,Express,2025-05-07,2025-05-06
2016,2016,2,Puntarenas,Express,2025-02-11,2025-02-10
2017,2017,4,Heredia,Estándar,2026-01-21,2026-01-20
2018,2018,4,Limón,Express,2025-12-31,2025-12-30
2019,2019,1,San José,Estándar,2025-12-25,
2020,2020,1,Alajuela,Express,2025-02-14,2025-02-14
2021,2021,2,Cartago,Express,2026-08-31,2026-08-31
2022,2022,4,Limón,Express,2025-12-19,2025-12-19
2023,2023,3,Puntarenas,Express,2026-05-19,2026-05-21
2024,2024,4,San José,Estándar,2025-01-20,2025-01-19
2025,2025,4,Limón,Estándar,2025-04-24,2025-04-23
2026,2026,2,Puntarenas,Estándar,2025-12-07,2025-12-06
2027,2027,1,Cartago,Express,2025-06-26,2025-06-26
2028,2028,1,Limón,Express,2025-12-29,2025-12-29
2029,2029,3,Puntarenas,Estándar,2026-06-27,2026-06-26
2030,2030,3,Puntarenas,Estándar,2025-12-16,2025-12-15
2031,2031,4,Heredia,Express,2025-02-07,2025-02-06
2032,2032,3,Cartago,Express,2026-05-02,2026-05-01
2033,2033,4,Limón,Express,2025-08-30,2025-08-30
2034,2034,3,Alajuela,Express,2026-03-16,2026-03-16
2035,2035,4,Puntarenas,Estándar,2026-03-16,
2036,2036,3,Puntarenas,Express,2025-10-15,2025-10-14
2037,2037,4,Heredia,Estándar,2025-10-26,2025-10-25
2038,2038,3,Alajuela,Estándar,2025-12-09,2025-12-11
2039,2039,3,,Express,2026-01-19,2026-01-21
2040,2040,3,Heredia,Express,2026-08-17,
2041,2041,3,San José,Estándar,2025-02-04,2025-02-04
2042,2042,4,Cartago,Estándar,2026-08-08,2026-08-07
2043,2043,1,Limón,Estándar,2026-08-24,2026-08-24
2044,2044,3,Puntarenas,Estándar,2026-03-04,2026-03-08
2045,2045,4,San José,Estándar,2025-03-13,2025-03-13
2046,2046,1,Limón,Estándar,2025-12-28,2025-12-28
2047,2047,3,Cartago,Express,2025-03-04,2025-03-03
2048,2048,2,Limón,Estándar,2025-08-09,2025-08-15
2049,2049,3,Limón,Estándar,2025-10-08,2025-10-08
2050,2050,3,Heredia,Estándar,2025-12-04,2025-12-03
2051,2051,2,Cartago,Estándar,2026-07-12,2026-07-17
2052,2052,4,Alajuela,Express,2025-04-16,2025-04-15
2053,2053,3,Limón,Express,2025-03-07,2025-03-11
2054,2054,3,,Estándar,2025-07-15,2025-07-15
2055,2055,2,Puntarenas,Estándar,2025-08-10,2025-08-15
2056,2056,4,Puntarenas,Express,2025-03-21,2025-03-26
2057,2057,3,Heredia,Estándar,2026-08-20,2026-08-20
2058,2058,2,Heredia,Express,2026-06-07,2026-06-06
2059,2059,1,Guanacaste,Estándar,2026-04-17,2026-04-16
2060,2060,1,,,2026-05-28,2026-06-02
2061,2061,2,Heredia,Estándar,2026-03-03,2026-03-07
2062,2062,2,Limón,Express,2026-05-26,2026-06-01
2063,2063,4,Alajuela,Estándar,2026-08-31,2026-08-30
2064,2064,2,Cartago,Estándar,2026-02-16,2026-02-16
2065,2065,4,Guanacaste,Estándar,2025-10-01,2025-09-30
2066,2066,2,Limón,Express,2026-01-18,2026-01-18
2067,2067,2,Limón,Express,2025-02-12,2025-02-12
2068,2068,1,Alajuela,Express,2025-09-17,2025-09-17
2069,2069,4,Alajuela,Estándar,2026-08-18,2026-08-18
2070,2070,1,San José,Estándar,2025-05-10,2025-05-09
2071,2071,3,Puntarenas,Estándar,2026-05-01,2026-05-01
2072,2072,3,Heredia,Express,2025-06-05,2025-06-04
2073,2073,3,Cartago,Estándar,2025-05-25,2025-05-24
2074,2074,4,Guanacaste,Estándar,2026-03-11,2026-03-10
2075,2075,1,Guanacaste,Express,2025-02-06,2025-02-06
2076,2076,3,Limón,Express,2025-08-09,2025-08-09
2077,2077,1,Puntarenas,,2026-04-17,2026-04-16
2078,2078,4,Alajuela,,2025-11-30,2025-12-01
2079,2079,3,Puntarenas,Express,2026-05-25,
2080,2080,4,Puntarenas,Estándar,2026-08-22,2026-08-22
2081,2081,1,,Express,2025-03-11,2025-03-17
2082,2082,2,Alajuela,Estándar,2025-12-23,2025-12-27
2083,2083,2,Cartago,Express,2025-07-08,2025-07-07
2084,2084,2,Cartago,Estándar,2025-08-09,2025-08-13
2085,2085,4,Limón,Estándar,2026-08-20,2026-08-24
2086,2086,2,San José,Express,2025-10-14,2025-10-14
2087,2087,1,Puntarenas,Estándar,2026-09-01,2026-08-31
2088,2088,3,Puntarenas,Express,2025-12-28,2025-12-28
2089,2089,1,Alajuela,Estándar,2025-10-24,2025-10-26
2090,2090,2,Limón,Express,2026-07-06,2026-07-10
2091,2091,3,Cartago,Estándar,2026-03-03,2026-03-03
2092,2092,3,,Express,2025-05-23,2025-05-28
2093,2093,4,Puntarenas,Express,2026-08-28,2026-09-02
2094,2094,1,Cartago,Express,2026-03-16,2026-03-15
2095,2095,3,Guanacaste,Express,2026-07-15,2026-07-17
2096,2096,3,Cartago,Express,2025-09-12,
2097,2097,2,Heredia,Express,2025-01-20,2025-01-20
2098,2098,1,Puntarenas,Express,2025-10-23,2025-10-28
2099,2099,3,Alajuela,Express,2025-04-29,2025-04-29
2100,2100,3,Puntarenas,Estándar,2026-06-28,2026-06-27
2101,2101,1,Heredia,Express,2025-11-29,2025-11-28
2102,2102,4,Cartago,Express,2026-08-01,2026-08-03
2103,2103,1,Alajuela,Estándar,2025-03-26,2025-03-26
2104,2104,3,Heredia,Express,2026-05-20,2026-05-19
2105,2105,4,Heredia,Estándar,2025-11-29,2025-11-28
2106,2106,1,Heredia,Express,2025-11-27,2025-11-26
2107,2107,1,San José,Estándar,2025-02-24,2025-02-28
2108,2108,2,San José,Estándar,2026-06-14,
2109,2109,3,Guanacaste,Express,2025-02-12,2025-02-12
2110,2110,1,Heredia,Express,2025-09-18,2025-09-18
2111,2111,4,San José,Estándar,2026-08-01,2026-07-31
2112,2112,1,Alajuela,Estándar,2025-12-06,2025-12-06
2113,2113,2,Cartago,Express,2025-11-22,2025-11-21
2114,2114,4,San José,Estándar,2025-05-10,2025-05-10
2115,2115,3,Limón,Estándar,2025-02-03,2025-02-02
2116,2116,1,San José,Estándar,2026-08-14,2026-08-14
2117,2117,1,San José,Estándar,2026-06-07,2026-06-06
2118,2118,3,Cartago,Express,2025-03-16,2025-03-16
2119,2119,2,Cartago,Estándar,2026-05-26,2026-05-26
2120,2120,1,Cartago,Estándar,2026-02-03,2026-02-03
2121,2121,3,San José,Express,2026-07-28,2026-07-27
2122,2122,1,Puntarenas,Estándar,2025-09-16,2025-09-19
2123,2123,2,Alajuela,Express,2026-03-30,2026-03-29
2124,2124,1,Puntarenas,Express,2026-01-26,2026-01-29
2125,2125,1,Guanacaste,Estándar,2025-10-03,2025-10-02
2126,2126,4,Puntarenas,,2025-11-01,2025-10-31
2127,2127,3,Limón,Express,2025-09-16,2025-09-15
2128,2128,3,Cartago,Estándar,2026-05-01,
2129,2129,3,Guanacaste,Express,2025-09-30,2025-09-29
2130,2130,1,Cartago,Express,2025-01-11,2025-01-11
2131,2131,1,Puntarenas,Express,2026-02-22,2026-02-24
2132,2132,1,Heredia,Express,2026-06-30,2026-06-30
2133,2133,1,Puntarenas,Express,2026-07-11,2026-07-11
2134,2134,4,Heredia,Express,2025-12-28,2025-12-27
2135,2135,3,Cartago,Express,2026-09-01,2026-08-31
2136,2136,2,Guanacaste,Estándar,2026-01-03,
2137,2137,1,Alajuela,Estándar,2025-04-12,2025-04-16
2138,2138,3,Alajuela,Estándar,2025-11-28,2025-11-27
2139,2139,2,Heredia,Estándar,2025-08-19,2025-08-18
2140,2140,3,Cartago,Estándar,2026-05-01,2026-04-30
2141,2141,1,Puntarenas,Express,2026-05-20,2026-05-19
2142,2142,2,Guanacaste,Estándar,2026-04-16,2026-04-15
2143,2143,1,Limón,Estándar,2025-02-07,2025-02-07
2144,2144,3,San José,Estándar,2026-03-19,2026-03-18
2145,2145,3,Heredia,Express,2026-02-09,2026-02-09
2146,2146,4,Cartago,Express,2025-02-21,2025-02-26
2147,2147,1,San José,Estándar,2026-05-09,2026-05-08
2148,2148,4,Heredia,Express,2025-05-06,2025-05-08
2149,2149,4,Puntarenas,Estándar,2025-09-16,2025-09-15
2150,2150,3,Guanacaste,Estándar,2025-03-04,2025-03-03
2151,2151,2,Alajuela,Express,2026-06-15,2026-06-17
2152,2152,2,Alajuela,Estándar,2026-01-22,2026-01-21
2153,2153,2,Cartago,Estándar,2025-02-24,2025-02-23
2154,2154,4,Puntarenas,Estándar,2026-02-12,2026-02-11
2155,2155,1,Cartago,,2025-10-23,2025-10-24
2156,2156,2,Cartago,Express,2025-12-30,2026-01-01
2157,2157,3,Heredia,Estándar,2025-10-27,2025-10-26
2158,2158,3,Alajuela,Estándar,2025-05-14,2025-05-14
2159,2159,3,San José,Estándar,2025-08-16,2025-08-16
2160,2160,3,Heredia,Estándar,2025-12-06,2025-12-05
2161,2161,3,Heredia,Express,2026-02-27,2026-02-26
2162,2162,1,Limón,Estándar,2026-02-05,2026-02-05
2163,2163,4,Cartago,Express,2026-06-15,2026-06-15
2164,2164,3,Puntarenas,Express,2025-06-28,2025-06-27
2165,2165,2,Alajuela,Express,2025-08-14,2025-08-14
2166,2166,3,Puntarenas,Estándar,2025-02-12,2025-02-11
2167,2167,1,Limón,Express,2025-02-06,2025-02-12
2168,2168,2,Heredia,Express,2026-03-31,2026-03-30
2169,2169,3,Cartago,Estándar,2025-10-19,2025-10-25
2170,2170,2,Limón,Estándar,2025-06-15,2025-06-15
2171,2171,3,Puntarenas,Estándar,2025-02-11,2025-02-11
2172,2172,3,Puntarenas,Express,2026-05-20,2026-05-19
2173,2173,3,San José,Estándar,2025-12-01,2025-11-30
2174,2174,2,San José,Estándar,2026-07-27,2026-07-27
2175,2175,2,Cartago,Express,2026-08-03,2026-08-02
2176,2176,4,San José,Express,2025-02-07,2025-02-07
2177,2177,2,Puntarenas,Express,2026-08-07,2026-08-07
2178,2178,1,Cartago,Express,2026-01-01,2025-12-31
2179,2179,2,Puntarenas,Express,2025-10-22,2025-10-22
2180,2180,1,Puntarenas,Express,2026-08-30,2026-08-30
2181,2181,1,Limón,Estándar,2026-04-01,2026-03-31
2182,2182,1,Heredia,Estándar,2025-11-27,2025-11-26
2183,2183,4,Limón,Express,2026-07-26,2026-07-25
2184,2184,3,Alajuela,Estándar,2025-03-06,2025-03-06
2185,2185,1,Heredia,Express,2025-12-27,2025-12-27
2186,2186,2,San José,Express,2025-12-25,2025-12-25
2187,2187,4,Puntarenas,Estándar,2026-08-22,2026-08-21
2188,2188,1,San José,Express,2025-10-03,2025-10-02
2189,2189,1,Limón,Express,2025-08-04,2025-08-08
2190,2190,1,Heredia,Estándar,2026-06-22,2026-06-22
2191,2191,2,Cartago,Estándar,2025-08-05,2025-08-09
2192,2192,2,Heredia,Estándar,2026-08-12,2026-08-11
2193,2193,3,Guanacaste,Estándar,2025-01-16,2025-01-15
2194,2194,2,Alajuela,Estándar,2025-12-06,
2195,2195,2,Limón,Express,2026-08-27,2026-08-26
2196,2196,1,Puntarenas,Estándar,2026-08-14,2026-08-13
2197,2197,2,Limón,Express,2026-07-31,2026-08-05
2198,2198,1,Guanacaste,Estándar,2026-04-02,2026-04-05
2199,2199,2,Cartago,Express,2025-12-02,2025-12-05
2200,2200,4,Alajuela,Estándar,2025-12-02,
2201,2201,1,San José,Express,2025-12-24,2025-12-27
2202,2202,2,Alajuela,Estándar,2025-09-08,2025-09-08
2203,2203,2,Heredia,,2026-01-27,2026-01-27
2204,2204,3,Guanacaste,Estándar,2026-01-06,2026-01-05
2205,2205,2,San José,Estándar,2026-05-16,2026-05-15
2206,2206,2,Heredia,Express,2025-11-15,2025-11-14
2207,2207,2,Cartago,Express,2025-11-26,2025-11-26
2208,2208,1,Guanacaste,Estándar,2025-02-12,2025-02-12
2209,2209,1,San José,Express,2026-01-07,2026-01-06
2210,2210,4,Alajuela,Estándar,2025-05-25,2025-05-25
2211,2211,2,Guanacaste,Estándar,2026-07-24,2026-07-23
2212,2212,4,Limón,Express,2025-08-04,2025-08-04
2213,2213,1,San José,Express,2025-09-29,2025-09-28
2214,2214,3,Puntarenas,Estándar,2025-06-28,2025-06-27
2215,2215,4,Cartago,Estándar,2026-01-01,2026-01-04
2216,2216,2,Heredia,Express,2025-10-01,
2217,2217,1,San José,Estándar,2025-12-31,2025-12-30
2218,2218,4,Cartago,Estándar,2025-10-18,2025-10-17
2219,2219,4,Guanacaste,Estándar,2026-08-02,2026-08-03
2220,2220,4,San José,Estándar,2025-03-04,2025-03-04
2221,2221,3,Alajuela,Estándar,2025-01-29,2025-01-29
2222,2222,2,Guanacaste,Estándar,2026-01-25,2026-01-28
2223,2223,1,Heredia,Estándar,2025-05-25,2025-05-24
2224,2224,3,Heredia,Express,2025-07-01,
2225,2225,2,Puntarenas,Estándar,2026-01-23,2026-01-26
2226,2226,2,Alajuela,Express,2026-02-20,
2227,2227,1,Guanacaste,Estándar,2026-03-03,2026-03-02
2228,2228,1,Limón,Estándar,2025-04-20,2025-04-19
2229,2229,4,Puntarenas,Estándar,2026-07-15,2026-07-14
2230,2230,1,Heredia,Express,2025-11-01,2025-11-05
2231,2231,3,Guanacaste,Express,2025-09-07,2025-09-06
2232,2232,2,Heredia,Express,2025-07-02,2025-07-01
2233,2233,3,Puntarenas,Express,2025-11-04,2025-11-03
2234,2234,4,,Estándar,2026-08-17,
2235,2235,2,Puntarenas,Express,2026-07-10,2026-07-10
2236,2236,3,Guanacaste,Express,2025-02-03,2025-02-03
2237,2237,3,Guanacaste,Estándar,2025-01-13,2025-01-13
2238,2238,4,Limón,Estándar,2025-12-02,2025-12-02
2239,2239,4,Heredia,Express,2025-08-04,2025-08-03
2240,2240,3,Puntarenas,Estándar,2025-04-19,2025-04-19
2241,2241,4,San José,Express,2026-01-17,
2242,2242,2,San José,Estándar,2026-07-03,
2243,2243,2,Guanacaste,,2026-05-27,
2244,2244,2,Puntarenas,Express,2025-01-29,
2245,2245,1,Heredia,Estándar,2025-12-18,2025-12-17
2246,2246,4,Heredia,Estándar,2025-08-13,2025-08-12
2247,2247,3,Cartago,Express,2025-02-23,2025-02-22
2248,2248,3,Puntarenas,Estándar,2025-01-17,2025-01-16
2249,2249,3,Heredia,Estándar,2025-01-16,2025-01-15
2250,2250,4,Alajuela,Estándar,2025-05-09,2025-05-12
2251,2251,2,Cartago,Express,2026-02-08,2026-02-10
2252,2252,1,Limón,Estándar,2025-06-12,2025-06-12
2253,2253,3,Puntarenas,Express,2025-09-18,2025-09-19
2254,2254,3,Guanacaste,Estándar,2025-09-30,2025-10-03
2255,2255,2,Heredia,Express,2025-08-14,2025-08-13
2256,2256,2,San José,Estándar,2025-01-21,2025-01-21
2257,2257,1,Guanacaste,Express,2025-12-02,2025-12-01
2258,2258,4,Cartago,Estándar,2025-02-16,2025-02-16
2259,2259,4,Limón,Estándar,2025-11-16,2025-11-16
2260,2260,4,Heredia,Express,2025-12-07,2025-12-07
2261,2261,4,Cartago,Estándar,2025-08-07,
2262,2262,2,Cartago,Estándar,2025-01-19,
2263,2263,3,Heredia,Estándar,2025-07-14,2025-07-13
2264,2264,4,Puntarenas,Express,2025-08-26,2025-08-25
2265,2265,3,Heredia,Estándar,2025-12-03,2025-12-02
2266,2266,4,Puntarenas,,2025-05-15,2025-05-14
2267,2267,3,Puntarenas,Estándar,2026-07-22,2026-07-21
2268,2268,4,Cartago,Estándar,2025-06-30,2025-06-30
2269,2269,1,San José,Estándar,2025-02-06,2025-02-06
2270,2270,2,Limón,Express,2026-07-18,2026-07-17
2271,2271,2,Heredia,Express,2026-08-14,2026-08-16
2272,2272,4,Cartago,Express,2025-12-15,
2273,2273,2,Cartago,Express,2026-03-15,2026-03-15
2274,2274,2,San José,Express,2025-12-07,2025-12-07
2275,2275,3,Heredia,Express,2026-05-06,2026-05-06
2276,2276,4,Limón,Estándar,2026-04-27,2026-04-27
2277,2277,3,Alajuela,Express,2026-06-09,2026-06-08
2278,2278,2,Puntarenas,Express,2026-06-21,2026-06-24
2279,2279,2,Cartago,Estándar,2025-10-02,2025-10-02
2280,2280,1,Heredia,Estándar,2025-05-18,2025-05-18
2281,2281,4,Limón,Express,2025-07-19,2025-07-19
2282,2282,4,Cartago,Estándar,2025-12-24,2025-12-24
2283,2283,3,San José,Express,2025-08-26,2025-08-25
2284,2284,2,Heredia,Express,2025-06-11,2025-06-11
2285,2285,1,Alajuela,Estándar,2025-03-22,2025-03-22
2286,2286,4,Puntarenas,Estándar,2026-07-03,2026-07-02
2287,2287,2,San José,Express,2026-04-02,2026-04-02
2288,2288,2,Heredia,Estándar,2025-08-10,2025-08-09
2289,2289,1,Heredia,Express,2025-02-13,2025-02-13
2290,2290,3,Cartago,Express,2026-05-25,2026-05-24
2291,2291,1,San José,Estándar,2026-02-09,2026-02-14
2292,2292,4,Cartago,Estándar,2025-01-13,2025-01-12
2293,2293,1,Cartago,Express,2025-08-09,
2294,2294,1,Cartago,Estándar,2026-03-20,2026-03-25
2295,2295,4,Puntarenas,Estándar,2025-11-21,2025-11-20
2296,2296,3,Guanacaste,Estándar,2026-09-03,2026-09-03
2297,2297,2,San José,Express,2025-11-17,
2298,2298,1,Alajuela,Express,2025-07-01,2025-06-30
2299,2299,4,Limón,Express,2025-07-13,
2300,2300,4,San José,Express,2026-05-28,2026-06-01
2301,2301,3,Alajuela,Express,2026-06-27,2026-06-26
2302,2302,3,Heredia,Express,2026-05-25,
2303,2303,2,Heredia,Estándar,2025-10-07,2025-10-12
2304,2304,1,Alajuela,Express,2026-03-26,2026-03-25
2305,2305,1,Puntarenas,Express,2025-03-02,2025-03-01
2306,2306,3,Guanacaste,Express,2025-12-31,
2307,2307,3,Alajuela,Estándar,2026-08-23,2026-08-22
2308,2308,4,Heredia,Express,2025-04-27,
2309,2309,4,San José,Estándar,2025-12-25,2025-12-24
2310,2310,1,San José,Estándar,2026-08-27,2026-08-26
2311,2311,4,Guanacaste,Express,2025-11-07,2025-11-11
2312,2312,1,Limón,Estándar,2025-08-19,2025-08-18
2313,2313,1,Puntarenas,Express,2025-06-30,2025-07-05
2314,2314,4,,Estándar,2026-09-01,2026-08-31
2315,2315,1,Cartago,Express,2025-10-15,2025-10-14
2316,2316,1,Heredia,Express,2026-08-29,
2317,2317,1,San José,Estándar,2025-01-31,2025-02-05
2318,2318,3,Guanacaste,Express,2026-04-20,2026-04-20
2319,2319,4,,Express,2025-01-10,2025-01-09
2320,2320,1,Cartago,Estándar,2025-05-09,2025-05-08
2321,2321,1,Cartago,Estándar,2025-05-11,
2322,2322,3,Heredia,Express,2026-08-28,2026-08-27
2323,2323,1,Cartago,Estándar,2025-05-09,2025-05-13
2324,2324,3,Puntarenas,Estándar,2025-02-07,2025-02-06
2325,2325,3,Heredia,Express,2025-07-01,
2326,2326,3,San José,Express,2025-12-04,2025-12-04
2327,2327,3,Puntarenas,Estándar,2025-12-02,2025-12-01
2328,2328,3,San José,Express,2025-12-30,2025-12-29
2329,2329,4,San José,Estándar,2025-06-12,2025-06-12
2330,2330,4,Puntarenas,Express,2026-05-02,2026-05-02
2331,2331,1,Guanacaste,Estándar,2025-06-16,2025-06-15
2332,2332,4,Alajuela,Estándar,2025-08-10,2025-08-10
2333,2333,4,Limón,Estándar,2026-01-01,2025-12-31
2334,2334,4,Puntarenas,Estándar,2026-02-21,2026-02-26
2335,2335,3,Guanacaste,Express,2026-08-28,2026-08-28
2336,2336,3,San José,Estándar,2026-02-07,2026-02-13
2337,2337,1,Limón,Estándar,2025-07-12,2025-07-11
2338,2338,1,Guanacaste,Estándar,2025-12-17,2025-12-18
2339,2339,2,Puntarenas,Express,2025-03-11,
2340,2340,3,Alajuela,Estándar,2025-02-22,2025-02-27
2341,2341,4,Cartago,Estándar,2025-06-07,2025-06-07
2342,2342,2,San José,Estándar,2026-06-10,2026-06-09
2343,2343,1,Limón,Express,2025-03-07,2025-03-07
2344,2344,4,Limón,Estándar,2025-07-01,2025-06-30
2345,2345,4,Guanacaste,Express,2025-12-16,2025-12-16
2346,2346,2,Alajuela,Estándar,2026-09-01,2026-08-31
2347,2347,3,Puntarenas,Estándar,2025-05-07,2025-05-07
2348,2348,4,San José,Express,2025-12-27,2025-12-26
2349,2349,2,San José,Express,2025-12-26,2025-12-25
2350,2350,1,Guanacaste,Express,2026-05-02,2026-05-01
2351,2351,4,Heredia,Express,2025-07-10,2025-07-09
2352,2352,4,Cartago,Express,2026-06-30,2026-06-29
2353,2353,1,Cartago,Estándar,2025-08-03,2025-08-06
2354,2354,3,Puntarenas,Estándar,2026-08-17,2026-08-16
2355,2355,2,Alajuela,Express,2026-05-25,2026-05-25
2356,2356,2,Guanacaste,Express,2025-12-14,2025-12-14
2357,2357,2,Puntarenas,Estándar,2025-01-07,2025-01-06
2358,2358,2,Alajuela,Estándar,2026-03-27,2026-03-26
2359,2359,2,Cartago,Express,2025-07-31,2025-07-30
2360,2360,1,Alajuela,Express,2025-02-14,2025-02-13
2361,2361,1,Cartago,Estándar,2026-08-31,2026-08-30
2362,2362,4,Guanacaste,Express,2026-01-03,2026-01-02
2363,2363,2,Heredia,Estándar,2026-04-27,2026-04-26
2364,2364,4,Puntarenas,,2025-08-03,2025-08-03
2365,2365,3,Alajuela,Express,2026-07-29,2026-07-29
2366,2366,4,Puntarenas,Express,2026-08-10,2026-08-15
2367,2367,1,Heredia,Express,2025-05-06,2025-05-06
2368,2368,3,Alajuela,Estándar,2025-12-02,2025-12-01
2369,2369,1,Alajuela,Estándar,2025-07-27,2025-07-31
2370,2370,2,San José,Express,2025-09-16,2025-09-15
2371,2371,4,Puntarenas,Estándar,2026-07-03,2026-07-02
2372,2372,4,San José,Express,2025-02-09,2025-02-09
2373,2373,3,Heredia,Express,2025-02-15,2025-02-16
2374,2374,3,Guanacaste,Estándar,2026-06-02,2026-06-02
2375,2375,4,Puntarenas,Estándar,2025-01-19,2025-01-18
2376,2376,4,Cartago,Express,2025-08-19,2025-08-18
2377,2377,1,Puntarenas,Express,2025-02-12,2025-02-17
2378,2378,3,Cartago,Estándar,2025-06-17,2025-06-21
2379,2379,3,Cartago,Estándar,2025-09-18,2025-09-23
2380,2380,1,Guanacaste,Express,2026-07-27,2026-07-27
2381,2381,1,San José,Express,2025-11-01,
2382,2382,3,Heredia,Estándar,2025-12-30,2025-12-29
2383,2383,3,Alajuela,Express,2026-08-29,2026-09-04
2384,2384,1,Heredia,Estándar,2026-08-06,2026-08-05
2385,2385,3,Limón,Express,2026-01-27,2026-01-30
2386,2386,4,Puntarenas,Express,2026-05-16,2026-05-15
2387,2387,3,Alajuela,Express,2026-07-08,2026-07-14
2388,2388,1,Cartago,,2026-07-05,2026-07-04
2389,2389,2,Alajuela,Express,2025-06-14,2025-06-19
2390,2390,3,Cartago,Express,2026-07-25,2026-07-24
2391,2391,4,Puntarenas,Estándar,2025-07-03,2025-07-04
2392,2392,3,Limón,Express,2025-11-29,2025-11-29
2393,2393,4,Guanacaste,Express,2025-09-14,
2394,2394,3,Heredia,Estándar,2025-08-17,2025-08-16
2395,2395,3,San José,Express,2025-04-13,2025-04-13
2396,2396,1,Heredia,Estándar,2025-06-20,2025-06-20
2397,2397,3,Guanacaste,Express,2026-03-01,
2398,2398,4,Guanacaste,Estándar,2026-08-24,2026-08-24
2399,2399,4,San José,Estándar,2025-02-06,2025-02-05
2400,2400,3,Guanacaste,Express,2026-06-24,
2401,2401,3,Puntarenas,Express,2025-12-19,2025-12-19
2402,2402,2,Guanacaste,,2025-09-09,2025-09-15
2403,2403,2,Alajuela,Express,2025-01-09,2025-01-09
2404,2404,3,Heredia,Express,2025-04-29,2025-04-29
2405,2405,3,Cartago,Estándar,2025-10-31,2025-10-31
2406,2406,1,San José,Estándar,2026-09-03,2026-09-05
2407,2407,4,Alajuela,Estándar,2026-05-02,2026-05-03
2408,2408,2,Heredia,Express,2025-07-08,2025-07-08
2409,2409,4,Puntarenas,Estándar,2025-09-19,2025-09-19
2410,2410,1,San José,Express,2025-07-21,2025-07-26
2411,2411,2,Cartago,Estándar,2026-06-20,2026-06-19
2412,2412,2,Cartago,Estándar,2025-08-04,
2413,2413,2,Guanacaste,Express,2025-11-18,2025-11-17
2414,2414,1,Puntarenas,Express,2025-08-13,2025-08-13
2415,2415,3,Alajuela,Estándar,2026-01-03,2026-01-03
2416,2416,1,Cartago,Estándar,2025-06-15,2025-06-15
2417,2417,3,Heredia,Estándar,2025-06-16,2025-06-15
2418,2418,3,Guanacaste,Estándar,2025-12-07,2025-12-07
2419,2419,2,Heredia,Express,2025-06-08,2025-06-07
2420,2420,4,Limón,Estándar,2025-10-10,2025-10-10
2421,2421,4,Limón,Express,2026-02-03,2026-02-06
2422,2422,3,Cartago,Express,2026-08-12,
2423,2423,4,Alajuela,Estándar,2025-04-09,2025-04-12
2424,2424,1,Guanacaste,Express,2026-07-15,2026-07-14
2425,2425,4,Guanacaste,Estándar,2026-06-12,2026-06-11
2426,2426,2,Alajuela,Express,2025-07-04,2025-07-03
2427,2427,4,Heredia,Estándar,2025-12-02,2025-12-02
2428,2428,3,Limón,Express,2026-08-17,2026-08-17
2429,2429,2,Puntarenas,Estándar,2025-11-20,2025-11-20
2430,2430,4,San José,Estándar,2026-03-01,2026-02-28
2431,2431,4,San José,Estándar,2025-01-19,2025-01-19
2432,2432,3,San José,Estándar,2025-10-21,2025-10-21
2433,2433,2,Puntarenas,Estándar,2026-04-08,2026-04-09
2434,2434,2,Alajuela,Express,2025-04-11,2025-04-16
2435,2435,2,Cartago,Express,2025-06-14,2025-06-13
2436,2436,2,Puntarenas,Estándar,2025-03-02,2025-03-04
2437,2437,4,Alajuela,Express,2026-01-27,2026-01-27
2438,2438,2,San José,Estándar,2025-12-02,2025-12-01
2439,2439,3,San José,Estándar,2025-03-07,2025-03-12
2440,2440,1,Guanacaste,Express,2025-09-08,
2441,2441,2,Alajuela,Estándar,2026-02-01,2026-01-31
2442,2442,2,Guanacaste,Express,2025-03-29,2025-03-28
2443,2443,4,Alajuela,Express,2025-04-20,2025-04-19
2444,2444,1,Heredia,Express,2025-11-30,2025-11-30
2445,2445,3,San José,Estándar,2026-06-08,2026-06-08
2446,2446,4,,Express,2025-12-31,2026-01-01
2447,2447,2,Heredia,Express,2026-01-17,2026-01-19
2448,2448,2,Heredia,Estándar,2026-07-05,2026-07-08
2449,2449,1,Alajuela,Express,2025-06-28,2025-06-27
2450,2450,1,Heredia,Express,2025-12-26,2025-12-25
2451,2451,4,Puntarenas,Express,2025-06-05,2025-06-04
2452,2452,4,Cartago,Express,2025-06-25,2025-06-29
2453,2453,4,Puntarenas,Estándar,2025-07-09,2025-07-13
2454,2454,3,Limón,Estándar,2025-03-05,2025-03-05
2455,2455,3,Cartago,Express,2025-05-06,2025-05-05
2456,2456,4,Limón,Express,2026-03-31,2026-03-30
2457,2457,2,Alajuela,Express,2026-05-26,2026-05-25
2458,2458,1,Cartago,Estándar,2025-07-03,2025-07-02
2459,2459,2,Cartago,Estándar,2025-05-12,2025-05-11
2460,2460,2,San José,Express,2025-09-19,2025-09-18
2461,2461,2,Cartago,,2026-02-12,
2462,2462,3,San José,Estándar,2026-04-19,2026-04-18
2463,2463,2,Alajuela,Estándar,2026-04-27,2026-05-01
2464,2464,3,Alajuela,Express,2026-07-09,2026-07-09
2465,2465,4,Alajuela,Estándar,2026-01-03,2026-01-03
2466,2466,3,Guanacaste,Estándar,2025-04-12,2025-04-11
2467,2467,4,Puntarenas,Estándar,2025-11-30,2025-11-29
2468,2468,3,Alajuela,Estándar,2025-02-05,2025-02-05
2469,2469,3,Alajuela,Express,2025-10-31,2025-10-31
2470,2470,4,Limón,Express,2025-05-06,2025-05-10
2471,2471,3,Alajuela,Express,2025-05-07,2025-05-06
2472,2472,4,Alajuela,Estándar,2025-07-16,2025-07-15
2473,2473,2,Alajuela,Express,2025-12-18,2025-12-18
2474,2474,4,Guanacaste,Express,2026-07-27,2026-07-27
2475,2475,2,San José,Estándar,2026-04-19,2026-04-19
2476,2476,4,Puntarenas,Estándar,2025-09-27,2025-10-02
2477,2477,1,San José,Express,2026-01-19,2026-01-19
2478,2478,4,Cartago,Estándar,2025-01-24,2025-01-23
2479,2479,1,Alajuela,Express,2025-08-03,2025-08-07
2480,2480,2,Heredia,Express,2025-12-03,2025-12-03
2481,2481,3,Alajuela,Express,2025-12-15,2025-12-14
2482,2482,1,Cartago,Estándar,2026-07-21,2026-07-21
2483,2483,2,Heredia,Estándar,2025-11-20,2025-11-19
2484,2484,3,San José,Estándar,2025-11-28,2025-11-28
2485,2485,4,Puntarenas,Express,2025-05-08,2025-05-08
2486,2486,2,Heredia,Estándar,2025-05-11,2025-05-11
2487,2487,1,San José,Express,2025-11-05,2025-11-04
2488,2488,3,Cartago,Express,2025-07-30,2025-08-05
2489,2489,4,Guanacaste,Estándar,2025-03-09,2025-03-10
2490,2490,1,Puntarenas,Estándar,2026-06-14,2026-06-13
2491,2491,1,Alajuela,Estándar,2026-05-11,2026-05-11
2492,2492,3,San José,Express,2026-06-11,2026-06-10
2493,2493,4,Alajuela,Express,2026-05-29,2026-05-29
2494,2494,1,Cartago,Express,2026-07-21,2026-07-21
2495,2495,2,Heredia,Express,2025-11-25,2025-11-26
2496,2496,4,Guanacaste,Estándar,2025-05-22,2025-05-28
2497,2497,3,San José,Estándar,2025-12-18,2025-12-18
2498,2498,3,Heredia,Express,2026-07-14,2026-07-13
2499,2499,4,Alajuela,Estándar,2026-07-15,2026-07-14
2500,2500,1,Alajuela,Estándar,2025-10-24,2025-10-24
